ENDPOS3 (UnityEngine.Transform),1,Controller (right),4.466667
ENDPOS4 (UnityEngine.Transform),1,ENDPOS4,9.18889
ENDPOS5 (UnityEngine.Transform),1,Controller (right),11.52222
ENDPOS4 (UnityEngine.Transform),1.75,ENDPOS4,15.23333
ENDPOS2 (UnityEngine.Transform),1.5,ENDPOS2,18.38889
ENDPOS1 (UnityEngine.Transform),2,Controller (right),21.33333
ENDPOS4 (UnityEngine.Transform),1.5,ENDPOS4,25.33333
ENDPOS2 (UnityEngine.Transform),2,ENDPOS2,30.12222
ENDPOS1 (UnityEngine.Transform),1.25,Controller (right),33.73333
ENDPOS3 (UnityEngine.Transform),2,ENDPOS3,37.57778
ENDPOS1 (UnityEngine.Transform),1,Controller (right),41.17778
ENDPOS5 (UnityEngine.Transform),2,Controller (right),45.18889
ENDPOS4 (UnityEngine.Transform),1,Controller (right),50.45555
,ENDPOS4,50.45555
ENDPOS3 (UnityEngine.Transform),1.5,Controller (right),54.14445
ENDPOS2 (UnityEngine.Transform),1.5,Controller (right),56.54445
ENDPOS2 (UnityEngine.Transform),2,ENDPOS2,58.81111
ENDPOS4 (UnityEngine.Transform),2,ENDPOS4,61.15556
ENDPOS3 (UnityEngine.Transform),1.25,ENDPOS3,64.27778
ENDPOS3 (UnityEngine.Transform),1,Controller (right),68.33334
ENDPOS3 (UnityEngine.Transform),1,Controller (right),71.76667
ENDPOS2 (UnityEngine.Transform),2,ENDPOS2,75.17778
ENDPOS2 (UnityEngine.Transform),1,Controller (right),80.37778
ENDPOS4 (UnityEngine.Transform),1.75,ENDPOS4,83.96667
ENDPOS5 (UnityEngine.Transform),2,ENDPOS5,88.73334
ENDPOS5 (UnityEngine.Transform),1.5,Controller (right),93.66667
ENDPOS4 (UnityEngine.Transform),1.5,ENDPOS4,97.4
ENDPOS5 (UnityEngine.Transform),2,ENDPOS5,100.6222
ENDPOS4 (UnityEngine.Transform),1.5,Controller (right),104.6222
,ENDPOS4,104.6222
ENDPOS2 (UnityEngine.Transform),1.5,ENDPOS2,107.0556
ENDPOS5 (UnityEngine.Transform),1.5,Controller (right),110.8
ENDPOS1 (UnityEngine.Transform),1.75,Controller (right),115.6111
ENDPOS1 (UnityEngine.Transform),2,Controller (right),118.6556
ENDPOS4 (UnityEngine.Transform),2,ENDPOS4,122.3778
ENDPOS5 (UnityEngine.Transform),1.25,ENDPOS5,127.6778
ENDPOS3 (UnityEngine.Transform),1.5,ENDPOS3,130.8111
ENDPOS2 (UnityEngine.Transform),1,Controller (right),134.9667
ENDPOS3 (UnityEngine.Transform),1.5,ENDPOS3,137.5667
ENDPOS5 (UnityEngine.Transform),1.75,Controller (right),139.6111
ENDPOS5 (UnityEngine.Transform),1,Controller (right),142.4222
ENDPOS5 (UnityEngine.Transform),1.25,Controller (right),144.8333
ENDPOS3 (UnityEngine.Transform),1.5,ENDPOS3,147.8889
ENDPOS5 (UnityEngine.Transform),1.75,Controller (right),152.1778
ENDPOS3 (UnityEngine.Transform),2,ENDPOS3,156.7333
ENDPOS1 (UnityEngine.Transform),1.75,ENDPOS1,160.4889
ENDPOS1 (UnityEngine.Transform),1.75,Controller (right),164.6556
ENDPOS3 (UnityEngine.Transform),1.75,Controller (right),168.6222
ENDPOS1 (UnityEngine.Transform),2,Controller (right),170.8445
ENDPOS4 (UnityEngine.Transform),1.25,ENDPOS4,175.3333
ENDPOS1 (UnityEngine.Transform),1,Controller (right),178.3667
ENDPOS5 (UnityEngine.Transform),1.75,Controller (right),181.0889
ENDPOS1 (UnityEngine.Transform),1.25,Controller (right),186
ENDPOS2 (UnityEngine.Transform),1.25,Controller (right),190.5222
ENDPOS5 (UnityEngine.Transform),1.75,Controller (right),194.5
ENDPOS3 (UnityEngine.Transform),2,ENDPOS3,198.9778
ENDPOS1 (UnityEngine.Transform),1,Controller (right),201.7222
ENDPOS3 (UnityEngine.Transform),1.25,Controller (right),205.9778
ENDPOS1 (UnityEngine.Transform),1,Controller (right),209.2
ENDPOS5 (UnityEngine.Transform),1.25,ENDPOS5,213.8778
ENDPOS4 (UnityEngine.Transform),1.75,ENDPOS4,217.4556
ENDPOS1 (UnityEngine.Transform),1.5,Controller (right),220.0556
ENDPOS4 (UnityEngine.Transform),1.5,ENDPOS4,223.4889
ENDPOS4 (UnityEngine.Transform),1.25,ENDPOS4,227.1111
,Controller (right),227.1111
ENDPOS5 (UnityEngine.Transform),1.25,Controller (right),230.7
ENDPOS2 (UnityEngine.Transform),1.25,Controller (right),234.6333
ENDPOS2 (UnityEngine.Transform),1.25,Controller (right),237.7333
ENDPOS2 (UnityEngine.Transform),1.75,Controller (right),241.5222
ENDPOS2 (UnityEngine.Transform),1.75,ENDPOS2,246.5111
ENDPOS5 (UnityEngine.Transform),1,Controller (right),251.8
ENDPOS3 (UnityEngine.Transform),1.75,ENDPOS3,253.8778
ENDPOS5 (UnityEngine.Transform),1.5,Controller (right),257.9
ENDPOS4 (UnityEngine.Transform),1.25,ENDPOS4,260.1667
ENDPOS2 (UnityEngine.Transform),1,Controller (right),264.3889
ENDPOS1 (UnityEngine.Transform),1.5,Controller (right),268.6667
ENDPOS5 (UnityEngine.Transform),1.5,Controller (right),271.0445
ENDPOS3 (UnityEngine.Transform),1,Controller (right),274.3222
ENDPOS4 (UnityEngine.Transform),1.25,ENDPOS4,277.1889
ENDPOS2 (UnityEngine.Transform),2,ENDPOS2,280.4222
ENDPOS3 (UnityEngine.Transform),1.75,ENDPOS3,283.7222
ENDPOS2 (UnityEngine.Transform),1.75,ENDPOS2,287.1222
ENDPOS3 (UnityEngine.Transform),1.25,Controller (right),292.3222
ENDPOS3 (UnityEngine.Transform),1.25,Controller (right),295.3445
ENDPOS2 (UnityEngine.Transform),1,Controller (right),298.3667
ENDPOS4 (UnityEngine.Transform),1,Controller (right),301.8
,ENDPOS4,301.8
ENDPOS4 (UnityEngine.Transform),1,ENDPOS4,305.8445
ENDPOS2 (UnityEngine.Transform),1.5,Controller (right),309.2778
ENDPOS1 (UnityEngine.Transform),1.5,Controller (right),311.9333
ENDPOS1 (UnityEngine.Transform),1.75,Controller (right),315.7889
ENDPOS3 (UnityEngine.Transform),2,ENDPOS3,320.6444
ENDPOS4 (UnityEngine.Transform),2,ENDPOS4,322.8333
ENDPOS1 (UnityEngine.Transform),2,Controller (right),327.2556
ENDPOS2 (UnityEngine.Transform),1.25,Controller (right),331.2
ENDPOS1 (UnityEngine.Transform),1.25,Controller (right),334.9556
ENDPOS5 (UnityEngine.Transform),2,ENDPOS5,339.5445
ENDPOS1 (UnityEngine.Transform),1.25,Controller (right),343.5334
ENDPOS4 (UnityEngine.Transform),2,ENDPOS4,345.3889
ENDPOS4 (UnityEngine.Transform),1.75,ENDPOS4,349.8889
ENDPOS3 (UnityEngine.Transform),1.75,ENDPOS3,354.5556
ENDPOS2 (UnityEngine.Transform),1.75,ENDPOS2,357.5778
ENDPOS5 (UnityEngine.Transform),1,Controller (right),360.6889
ENDPOS1 (UnityEngine.Transform),1.5,Controller (right),364.2889
