ENDPOS2 (UnityEngine.Transform),1.75,ENDPOS2,5.4
ENDPOS4 (UnityEngine.Transform),2,ENDPOS4,10.06667
ENDPOS4 (UnityEngine.Transform),1.5,ENDPOS4,13.25556
ENDPOS2 (UnityEngine.Transform),1,Controller (right),17.78889
ENDPOS1 (UnityEngine.Transform),1.75,Controller (right),20.58889
ENDPOS4 (UnityEngine.Transform),1.75,ENDPOS4,22.65556
ENDPOS3 (UnityEngine.Transform),1.5,Controller (right),26.44444
ENDPOS4 (UnityEngine.Transform),1.25,Controller (right),30.9
ENDPOS3 (UnityEngine.Transform),2,Controller (right),33.6
ENDPOS1 (UnityEngine.Transform),2,Controller (right),37.52222
ENDPOS1 (UnityEngine.Transform),2,Controller (right),40.83334
ENDPOS2 (UnityEngine.Transform),1.25,Controller (right),43.66667
ENDPOS2 (UnityEngine.Transform),1.5,Controller (right),46.26667
ENDPOS1 (UnityEngine.Transform),1,Controller (right),50.94445
ENDPOS4 (UnityEngine.Transform),1,Controller (right),53.77778
ENDPOS3 (UnityEngine.Transform),1,Controller (right),57.1
ENDPOS1 (UnityEngine.Transform),1.25,Controller (right),61.46667
ENDPOS2 (UnityEngine.Transform),2,ENDPOS2,64.33334
ENDPOS2 (UnityEngine.Transform),2,Controller (right),68.1
ENDPOS1 (UnityEngine.Transform),1,Controller (right),70.65556
ENDPOS1 (UnityEngine.Transform),1.5,Controller (right),74.92223
ENDPOS3 (UnityEngine.Transform),1.25,Controller (right),78.51112
ENDPOS5 (UnityEngine.Transform),1.75,Controller (right),82.37778
ENDPOS3 (UnityEngine.Transform),2,Controller (right),85.32223
ENDPOS4 (UnityEngine.Transform),1.25,Controller (right),87.85556
ENDPOS5 (UnityEngine.Transform),1.75,Controller (right),92.27778
ENDPOS3 (UnityEngine.Transform),2,ENDPOS3,96.73334
ENDPOS4 (UnityEngine.Transform),1,Controller (right),101.0667
ENDPOS3 (UnityEngine.Transform),1,Controller (right),104.5
ENDPOS4 (UnityEngine.Transform),1.5,Controller (right),107.4333
ENDPOS5 (UnityEngine.Transform),1.75,ENDPOS5,111.2
ENDPOS2 (UnityEngine.Transform),1.5,Controller (right),115.2778
ENDPOS1 (UnityEngine.Transform),1.5,Controller (right),118.3556
ENDPOS5 (UnityEngine.Transform),1,Controller (right),122.4445
ENDPOS1 (UnityEngine.Transform),1.75,Controller (right),126.9556
ENDPOS3 (UnityEngine.Transform),1.75,Controller (right),131.4111
ENDPOS1 (UnityEngine.Transform),1.75,Controller (right),135.3222
ENDPOS2 (UnityEngine.Transform),1,Controller (right),139.9889
ENDPOS5 (UnityEngine.Transform),1.5,ENDPOS5,143.9222
ENDPOS1 (UnityEngine.Transform),1.5,Controller (right),146.1111
ENDPOS3 (UnityEngine.Transform),1,Controller (right),149.0222
ENDPOS1 (UnityEngine.Transform),1.25,Controller (right),152.4111
ENDPOS3 (UnityEngine.Transform),2,Controller (right),156.2222
ENDPOS5 (UnityEngine.Transform),2,Controller (right),158.5889
ENDPOS3 (UnityEngine.Transform),1.25,Controller (right),162.5
ENDPOS2 (UnityEngine.Transform),1.5,Controller (right),164.9111
ENDPOS2 (UnityEngine.Transform),1.75,Controller (right),167.0111
ENDPOS2 (UnityEngine.Transform),1.25,Controller (right),170.9444
ENDPOS5 (UnityEngine.Transform),1.25,Controller (right),173.8
ENDPOS3 (UnityEngine.Transform),1,Controller (right),176.0889
ENDPOS1 (UnityEngine.Transform),1.5,Controller (right),179.6111
ENDPOS4 (UnityEngine.Transform),2,ENDPOS4,183.7444
ENDPOS2 (UnityEngine.Transform),1,Controller (right),187.2556
ENDPOS2 (UnityEngine.Transform),1.25,Controller (right),191.6556
ENDPOS3 (UnityEngine.Transform),1.75,Controller (right),194.1222
ENDPOS2 (UnityEngine.Transform),2,Controller (right),196.7778
ENDPOS1 (UnityEngine.Transform),2,Controller (right),200.8667
ENDPOS3 (UnityEngine.Transform),1.25,Controller (right),205.1
ENDPOS4 (UnityEngine.Transform),1.75,ENDPOS4,208.4444
ENDPOS2 (UnityEngine.Transform),1.5,Controller (right),212.0111
ENDPOS4 (UnityEngine.Transform),1.75,Controller (right),214.5111
ENDPOS5 (UnityEngine.Transform),1,Controller (right),218.1
ENDPOS2 (UnityEngine.Transform),1,Controller (right),221.0222
ENDPOS4 (UnityEngine.Transform),1.5,Controller (right),224.7111
ENDPOS4 (UnityEngine.Transform),2,ENDPOS4,226.7333
ENDPOS3 (UnityEngine.Transform),1.5,Controller (right),229.0667
ENDPOS2 (UnityEngine.Transform),1.25,Controller (right),233.8778
ENDPOS3 (UnityEngine.Transform),1.75,Controller (right),237.0222
ENDPOS3 (UnityEngine.Transform),1.5,Controller (right),240.0444
ENDPOS4 (UnityEngine.Transform),1.5,Controller (right),244.2444
ENDPOS5 (UnityEngine.Transform),1.5,Controller (right),247.0111
ENDPOS2 (UnityEngine.Transform),1.75,Controller (right),249.0111
ENDPOS4 (UnityEngine.Transform),1.75,Controller (right),251.3556
ENDPOS5 (UnityEngine.Transform),1,ENDPOS5,256.7333
ENDPOS4 (UnityEngine.Transform),1,Controller (right),261.5222
ENDPOS3 (UnityEngine.Transform),1.5,Controller (right),263.4
ENDPOS5 (UnityEngine.Transform),1.25,Controller (right),266.3556
ENDPOS1 (UnityEngine.Transform),1,Controller (right),270.0333
ENDPOS4 (UnityEngine.Transform),1.25,Controller (right),273.3
ENDPOS4 (UnityEngine.Transform),1.25,Controller (right),277.4111
ENDPOS5 (UnityEngine.Transform),1.5,ENDPOS5,280.6333
ENDPOS5 (UnityEngine.Transform),2,Controller (right),283.7556
ENDPOS1 (UnityEngine.Transform),1.25,Controller (right),287.5
ENDPOS5 (UnityEngine.Transform),1.5,Controller (right),290.1667
ENDPOS1 (UnityEngine.Transform),1.25,Controller (right),294.8667
ENDPOS4 (UnityEngine.Transform),2,ENDPOS4,297.1778
ENDPOS5 (UnityEngine.Transform),2,Controller (right),301.7889
ENDPOS4 (UnityEngine.Transform),1,Controller (right),306.0889
ENDPOS2 (UnityEngine.Transform),1.75,Controller (right),309.9111
ENDPOS5 (UnityEngine.Transform),1,Controller (right),313.1222
ENDPOS2 (UnityEngine.Transform),2,Controller (right),316.5445
ENDPOS3 (UnityEngine.Transform),1.75,Controller (right),320.9889
ENDPOS5 (UnityEngine.Transform),1.25,Controller (right),325.7556
ENDPOS1 (UnityEngine.Transform),1,Controller (right),328.7222
ENDPOS1 (UnityEngine.Transform),2,Controller (right),330.6
ENDPOS5 (UnityEngine.Transform),1.25,Controller (right),333.6778
ENDPOS5 (UnityEngine.Transform),2,ENDPOS5,337.8333
ENDPOS1 (UnityEngine.Transform),1.75,Controller (right),340.4222
ENDPOS3 (UnityEngine.Transform),1.25,Controller (right),343.5556
ENDPOS5 (UnityEngine.Transform),1.75,Controller (right),345.4
