ENDPOS4 (UnityEngine.Transform),2,ENDPOS4,4.877778
ENDPOS5 (UnityEngine.Transform),2,ENDPOS5,8.155556
ENDPOS2 (UnityEngine.Transform),1.75,Controller (right),10.5
ENDPOS5 (UnityEngine.Transform),1,Controller (right),15.16667
ENDPOS2 (UnityEngine.Transform),1.25,Controller (right),18.42222
ENDPOS3 (UnityEngine.Transform),1.5,Controller (right),21.7
ENDPOS2 (UnityEngine.Transform),1.25,Controller (right),25.13333
ENDPOS5 (UnityEngine.Transform),1.25,Controller (right),28.74445
ENDPOS1 (UnityEngine.Transform),1.25,Controller (right),33.22222
ENDPOS1 (UnityEngine.Transform),1,Controller (right),36.74445
ENDPOS3 (UnityEngine.Transform),1.25,Controller (right),40.17778
ENDPOS4 (UnityEngine.Transform),1.5,ENDPOS4,42.55556
,Controller (right),42.55556
ENDPOS3 (UnityEngine.Transform),1,Controller (right),45.76667
ENDPOS1 (UnityEngine.Transform),1.25,Controller (right),48.32222
ENDPOS5 (UnityEngine.Transform),1,Controller (right),51.41111
ENDPOS1 (UnityEngine.Transform),1,Controller (right),54.1
ENDPOS5 (UnityEngine.Transform),1,Controller (right),56.32222
ENDPOS1 (UnityEngine.Transform),1.75,Controller (right),59.15556
ENDPOS5 (UnityEngine.Transform),1.5,Controller (right),62.57778
ENDPOS3 (UnityEngine.Transform),2,ENDPOS3,65.18889
ENDPOS1 (UnityEngine.Transform),1.25,Controller (right),69.66667
ENDPOS5 (UnityEngine.Transform),1.25,Controller (right),74.4
ENDPOS2 (UnityEngine.Transform),1.75,Controller (right),78.34444
ENDPOS2 (UnityEngine.Transform),1.75,Controller (right),83.16667
ENDPOS3 (UnityEngine.Transform),1.5,Controller (right),86.83334
ENDPOS2 (UnityEngine.Transform),1,Controller (right),91.04445
ENDPOS4 (UnityEngine.Transform),1.75,ENDPOS4,94.13334
,Controller (right),94.13334
ENDPOS3 (UnityEngine.Transform),1.75,Controller (right),98.05556
ENDPOS4 (UnityEngine.Transform),1.75,Controller (right),101.7667
,ENDPOS4,101.7667
ENDPOS3 (UnityEngine.Transform),1.25,Controller (right),105.5
ENDPOS2 (UnityEngine.Transform),1.75,ENDPOS2,108.2556
ENDPOS3 (UnityEngine.Transform),1.5,ENDPOS3,110.9889
ENDPOS1 (UnityEngine.Transform),2,Controller (right),115.0333
ENDPOS5 (UnityEngine.Transform),1.75,ENDPOS5,117.4667
ENDPOS3 (UnityEngine.Transform),1,Controller (right),119.9667
ENDPOS1 (UnityEngine.Transform),1,Controller (right),124.5222
ENDPOS2 (UnityEngine.Transform),1.5,Controller (right),128.3889
ENDPOS3 (UnityEngine.Transform),2,ENDPOS3,131.1556
ENDPOS1 (UnityEngine.Transform),1.75,Controller (right),135.4
ENDPOS2 (UnityEngine.Transform),2,ENDPOS2,139.2889
ENDPOS4 (UnityEngine.Transform),1,Controller (right),144.0333
ENDPOS2 (UnityEngine.Transform),1.5,Controller (right),147.9
ENDPOS4 (UnityEngine.Transform),2,ENDPOS4,151.4667
ENDPOS5 (UnityEngine.Transform),2,ENDPOS5,154.7222
ENDPOS1 (UnityEngine.Transform),2,ENDPOS1,158.0333
ENDPOS2 (UnityEngine.Transform),2,ENDPOS2,162.4111
ENDPOS1 (UnityEngine.Transform),2,ENDPOS1,165.1889
ENDPOS1 (UnityEngine.Transform),1.25,Controller (right),167.9111
ENDPOS5 (UnityEngine.Transform),2,ENDPOS5,170.3445
ENDPOS5 (UnityEngine.Transform),1.5,Controller (right),173.2778
ENDPOS4 (UnityEngine.Transform),1.75,ENDPOS4,178.1889
ENDPOS2 (UnityEngine.Transform),1.5,Controller (right),181.2667
ENDPOS5 (UnityEngine.Transform),1.75,ENDPOS5,183.8667
ENDPOS5 (UnityEngine.Transform),1.75,ENDPOS5,186.4556
ENDPOS4 (UnityEngine.Transform),2,ENDPOS4,190.7667
ENDPOS4 (UnityEngine.Transform),1.25,Controller (right),195.5222
,ENDPOS4,195.5222
ENDPOS4 (UnityEngine.Transform),1,ENDPOS4,199.0889
,Controller (right),199.0889
ENDPOS3 (UnityEngine.Transform),1.5,Controller (right),202.8222
ENDPOS3 (UnityEngine.Transform),1.25,Controller (right),207.8778
ENDPOS3 (UnityEngine.Transform),1.75,Controller (right),212.2889
,ENDPOS3,212.2889
ENDPOS5 (UnityEngine.Transform),1.5,ENDPOS5,215.0222
ENDPOS1 (UnityEngine.Transform),1.75,Controller (right),218.7778
ENDPOS1 (UnityEngine.Transform),1,Controller (right),221.5889
ENDPOS1 (UnityEngine.Transform),1.5,Controller (right),224.1222
ENDPOS2 (UnityEngine.Transform),1.25,Controller (right),228.3333
ENDPOS4 (UnityEngine.Transform),1.5,ENDPOS4,230.9
ENDPOS4 (UnityEngine.Transform),1.5,Controller (right),233.4889
,ENDPOS4,233.4889
ENDPOS4 (UnityEngine.Transform),1,ENDPOS4,236.2
ENDPOS3 (UnityEngine.Transform),2,ENDPOS3,238.9556
ENDPOS5 (UnityEngine.Transform),1.25,ENDPOS5,243.2444
ENDPOS3 (UnityEngine.Transform),1,Controller (right),246.8556
ENDPOS1 (UnityEngine.Transform),2,Controller (right),249.2
ENDPOS2 (UnityEngine.Transform),2,ENDPOS2,251.8222
ENDPOS5 (UnityEngine.Transform),1.75,ENDPOS5,254.8556
ENDPOS3 (UnityEngine.Transform),2,ENDPOS3,257.3111
ENDPOS4 (UnityEngine.Transform),2,ENDPOS4,261.6444
ENDPOS5 (UnityEngine.Transform),1.25,ENDPOS5,265.5222
ENDPOS2 (UnityEngine.Transform),2,ENDPOS2,267.6111
ENDPOS2 (UnityEngine.Transform),1,Controller (right),273.0445
ENDPOS5 (UnityEngine.Transform),1,Controller (right),276.9889
ENDPOS2 (UnityEngine.Transform),1,Controller (right),281.9111
ENDPOS3 (UnityEngine.Transform),1.75,Controller (right),283.9556
ENDPOS3 (UnityEngine.Transform),1,Controller (right),286.6778
ENDPOS1 (UnityEngine.Transform),1.5,Controller (right),289.4556
ENDPOS4 (UnityEngine.Transform),1.25,ENDPOS4,293.9111
,Controller (right),293.9111
ENDPOS1 (UnityEngine.Transform),1.5,Controller (right),296.2778
ENDPOS3 (UnityEngine.Transform),1.25,Controller (right),299.8
ENDPOS4 (UnityEngine.Transform),1.75,ENDPOS4,301.6111
ENDPOS4 (UnityEngine.Transform),1.25,Controller (right),304.5556
,ENDPOS4,304.5556
ENDPOS2 (UnityEngine.Transform),1.25,Controller (right),309.4667
ENDPOS2 (UnityEngine.Transform),1.5,Controller (right),314.3445
ENDPOS1 (UnityEngine.Transform),1.5,Controller (right),317.5445
ENDPOS5 (UnityEngine.Transform),1.5,Controller (right),319.5334
ENDPOS2 (UnityEngine.Transform),1,Controller (right),323.7444
ENDPOS4 (UnityEngine.Transform),1,ENDPOS4,327.5445
,Controller (right),327.5445
ENDPOS4 (UnityEngine.Transform),1.5,ENDPOS4,329.5556
,Controller (right),329.5556
ENDPOS5 (UnityEngine.Transform),2,ENDPOS5,332
ENDPOS1 (UnityEngine.Transform),1.75,Controller (right),335.6778
ENDPOS4 (UnityEngine.Transform),1.25,Controller (right),340.8778
,ENDPOS4,340.8778
ENDPOS3 (UnityEngine.Transform),1.75,Controller (right),344.6333
