ENDPOS3 (UnityEngine.Transform),2,ENDPOS3,2.677778
ENDPOS2 (UnityEngine.Transform),1.25,ENDPOS2,5.533333
ENDPOS5 (UnityEngine.Transform),1.5,ENDPOS5,9.233334
ENDPOS5 (UnityEngine.Transform),1,Controller (right),14.23333
ENDPOS2 (UnityEngine.Transform),2,ENDPOS2,17.77778
ENDPOS4 (UnityEngine.Transform),1.75,ENDPOS4,20.08889
ENDPOS1 (UnityEngine.Transform),1.25,Controller (right),25.15556
ENDPOS1 (UnityEngine.Transform),1.25,Controller (right),28.9
ENDPOS3 (UnityEngine.Transform),1.5,Controller (right),32.58889
ENDPOS4 (UnityEngine.Transform),1.75,ENDPOS4,36.58889
ENDPOS1 (UnityEngine.Transform),1.75,Controller (right),41.35556
ENDPOS5 (UnityEngine.Transform),1,ENDPOS5,45.05556
ENDPOS1 (UnityEngine.Transform),2,Controller (right),47.95555
ENDPOS5 (UnityEngine.Transform),1.25,Controller (right),52.48889
ENDPOS1 (UnityEngine.Transform),1.5,Controller (right),56.07778
ENDPOS3 (UnityEngine.Transform),1.25,Controller (right),61.14445
ENDPOS2 (UnityEngine.Transform),2,Controller (right),64.31111
ENDPOS5 (UnityEngine.Transform),1.25,ENDPOS5,67.35556
ENDPOS3 (UnityEngine.Transform),2,ENDPOS3,71.18889
ENDPOS1 (UnityEngine.Transform),2,Controller (right),74.82223
ENDPOS3 (UnityEngine.Transform),1.5,Controller (right),79.96667
ENDPOS4 (UnityEngine.Transform),2,ENDPOS4,84.16667
ENDPOS3 (UnityEngine.Transform),1.25,Controller (right),88.15556
ENDPOS2 (UnityEngine.Transform),1.75,Controller (right),90.32223
ENDPOS2 (UnityEngine.Transform),1.5,ENDPOS2,93.26667
ENDPOS5 (UnityEngine.Transform),1.5,ENDPOS5,97.10001
ENDPOS3 (UnityEngine.Transform),1.25,Controller (right),101.0333
ENDPOS5 (UnityEngine.Transform),2,ENDPOS5,104.5556
ENDPOS1 (UnityEngine.Transform),1.25,Controller (right),106.9556
ENDPOS4 (UnityEngine.Transform),1.5,ENDPOS4,111.8444
ENDPOS4 (UnityEngine.Transform),2,ENDPOS4,113.9667
ENDPOS3 (UnityEngine.Transform),1.5,Controller (right),118.3444
ENDPOS4 (UnityEngine.Transform),2,ENDPOS4,120.8667
ENDPOS2 (UnityEngine.Transform),1.25,Controller (right),124.9556
ENDPOS2 (UnityEngine.Transform),2,ENDPOS2,129.3333
ENDPOS5 (UnityEngine.Transform),1.25,ENDPOS5,132.1556
ENDPOS1 (UnityEngine.Transform),1.75,Controller (right),136.5111
ENDPOS1 (UnityEngine.Transform),1.25,Controller (right),141.3333
ENDPOS2 (UnityEngine.Transform),1.75,Controller (right),145.3111
ENDPOS2 (UnityEngine.Transform),1.75,Controller (right),147.3667
ENDPOS4 (UnityEngine.Transform),1.5,ENDPOS4,151.9
ENDPOS4 (UnityEngine.Transform),1.5,ENDPOS4,154.1333
ENDPOS4 (UnityEngine.Transform),1,Controller (right),157.2889
ENDPOS1 (UnityEngine.Transform),2,Controller (right),159.2111
ENDPOS4 (UnityEngine.Transform),1.25,ENDPOS4,162.9
ENDPOS2 (UnityEngine.Transform),1,Controller (right),167.6
ENDPOS3 (UnityEngine.Transform),1.5,Controller (right),169.9444
ENDPOS3 (UnityEngine.Transform),1.75,Controller (right),173.2667
ENDPOS4 (UnityEngine.Transform),1.25,ENDPOS4,176.1778
ENDPOS1 (UnityEngine.Transform),1,Controller (right),178.9667
ENDPOS1 (UnityEngine.Transform),1.75,Controller (right),182.5889
ENDPOS1 (UnityEngine.Transform),1.75,Controller (right),185.4778
ENDPOS5 (UnityEngine.Transform),2,ENDPOS5,188.0556
ENDPOS1 (UnityEngine.Transform),1.5,Controller (right),190.4222
ENDPOS3 (UnityEngine.Transform),1,Controller (right),194.8778
ENDPOS3 (UnityEngine.Transform),2,ENDPOS3,196.9556
ENDPOS2 (UnityEngine.Transform),2,ENDPOS2,201.3667
ENDPOS3 (UnityEngine.Transform),1.25,Controller (right),205.7444
ENDPOS4 (UnityEngine.Transform),1.75,ENDPOS4,210.2778
ENDPOS3 (UnityEngine.Transform),1.75,ENDPOS3,215.0556
ENDPOS3 (UnityEngine.Transform),1,Controller (right),217.5444
ENDPOS5 (UnityEngine.Transform),2,ENDPOS5,220.1333
ENDPOS2 (UnityEngine.Transform),1.25,Controller (right),223.8333
ENDPOS4 (UnityEngine.Transform),1,Controller (right),228.3333
ENDPOS2 (UnityEngine.Transform),1.25,Controller (right),231.3333
ENDPOS1 (UnityEngine.Transform),1.5,Controller (right),236.2
ENDPOS3 (UnityEngine.Transform),1.75,ENDPOS3,238.7222
ENDPOS3 (UnityEngine.Transform),1.75,ENDPOS3,241.7889
ENDPOS1 (UnityEngine.Transform),2,Controller (right),244.5556
ENDPOS3 (UnityEngine.Transform),1,Controller (right),249.8667
ENDPOS4 (UnityEngine.Transform),1.75,ENDPOS4,253.3778
ENDPOS1 (UnityEngine.Transform),1,Controller (right),257.5333
ENDPOS1 (UnityEngine.Transform),1,Controller (right),260.8111
ENDPOS5 (UnityEngine.Transform),2,ENDPOS5,264.7444
ENDPOS4 (UnityEngine.Transform),1,ENDPOS4,269.8222
ENDPOS4 (UnityEngine.Transform),1.25,ENDPOS4,272.7111
ENDPOS5 (UnityEngine.Transform),1.5,ENDPOS5,277.1555
ENDPOS4 (UnityEngine.Transform),1.5,ENDPOS4,281.3667
ENDPOS1 (UnityEngine.Transform),1.5,ENDPOS1,284.8222
ENDPOS3 (UnityEngine.Transform),2,ENDPOS3,288.0889
ENDPOS4 (UnityEngine.Transform),2,ENDPOS4,292.7333
ENDPOS2 (UnityEngine.Transform),1.5,ENDPOS2,295.0222
ENDPOS5 (UnityEngine.Transform),1,Controller (right),299.0556
ENDPOS3 (UnityEngine.Transform),1,Controller (right),303.0889
ENDPOS2 (UnityEngine.Transform),1,Controller (right),307.7556
ENDPOS2 (UnityEngine.Transform),1.5,Controller (right),312.0222
ENDPOS5 (UnityEngine.Transform),1.75,ENDPOS5,314.2111
ENDPOS5 (UnityEngine.Transform),1.5,Controller (right),316.3445
ENDPOS4 (UnityEngine.Transform),1.25,ENDPOS4,320.9445
ENDPOS1 (UnityEngine.Transform),1,Controller (right),325.1333
ENDPOS5 (UnityEngine.Transform),1.75,ENDPOS5,327.2222
ENDPOS5 (UnityEngine.Transform),1,Controller (right),332.4111
ENDPOS2 (UnityEngine.Transform),1,Controller (right),335.9
ENDPOS2 (UnityEngine.Transform),1,Controller (right),339.6778
ENDPOS5 (UnityEngine.Transform),1.75,Controller (right),344.1
ENDPOS2 (UnityEngine.Transform),1.5,Controller (right),347.1778
ENDPOS2 (UnityEngine.Transform),1.75,Controller (right),351.1889
ENDPOS5 (UnityEngine.Transform),1.75,Controller (right),355.1444
ENDPOS5 (UnityEngine.Transform),1.25,Controller (right),360.3222
ENDPOS4 (UnityEngine.Transform),1,ENDPOS4,363.5
