ENDPOS1 (UnityEngine.Transform),1.75,ENDPOS1,3.188889
ENDPOS4 (UnityEngine.Transform),1,ENDPOS4,6.977778
ENDPOS2 (UnityEngine.Transform),2,ENDPOS2,10.58889
ENDPOS2 (UnityEngine.Transform),1.25,ENDPOS2,13.31111
ENDPOS2 (UnityEngine.Transform),1.75,ENDPOS2,15.17778
ENDPOS4 (UnityEngine.Transform),2,ENDPOS4,19.62222
ENDPOS5 (UnityEngine.Transform),1.25,ENDPOS5,23.88889
ENDPOS5 (UnityEngine.Transform),1.5,ENDPOS5,25.92222
ENDPOS2 (UnityEngine.Transform),1,ENDPOS2,28.26667
ENDPOS2 (UnityEngine.Transform),1,ENDPOS2,32.32222
ENDPOS1 (UnityEngine.Transform),1,ENDPOS1,36.77778
ENDPOS2 (UnityEngine.Transform),1.5,ENDPOS2,39.02222
ENDPOS5 (UnityEngine.Transform),2,ENDPOS5,40.87778
ENDPOS3 (UnityEngine.Transform),2,ENDPOS3,45.67778
ENDPOS3 (UnityEngine.Transform),1.5,ENDPOS3,48.24445
ENDPOS5 (UnityEngine.Transform),1.75,ENDPOS5,51.92222
ENDPOS3 (UnityEngine.Transform),1,ENDPOS3,55.64445
ENDPOS4 (UnityEngine.Transform),2,ENDPOS4,58.61111
ENDPOS4 (UnityEngine.Transform),1,ENDPOS4,63.07778
ENDPOS2 (UnityEngine.Transform),2,ENDPOS2,67.45556
ENDPOS1 (UnityEngine.Transform),2,ENDPOS1,69.96667
ENDPOS3 (UnityEngine.Transform),1.25,ENDPOS3,75.23334
ENDPOS4 (UnityEngine.Transform),2,ENDPOS4,77.76667
ENDPOS5 (UnityEngine.Transform),1.75,ENDPOS5,81.96667
ENDPOS3 (UnityEngine.Transform),1,ENDPOS3,84.52222
ENDPOS1 (UnityEngine.Transform),2,ENDPOS1,88.21111
ENDPOS2 (UnityEngine.Transform),1,ENDPOS2,92.87778
ENDPOS2 (UnityEngine.Transform),1.5,ENDPOS2,97.46667
ENDPOS5 (UnityEngine.Transform),1,ENDPOS5,101.8667
ENDPOS1 (UnityEngine.Transform),1.5,ENDPOS1,105.3333
ENDPOS3 (UnityEngine.Transform),1.5,ENDPOS3,109.5222
ENDPOS2 (UnityEngine.Transform),1.75,ENDPOS2,113.6222
ENDPOS1 (UnityEngine.Transform),1,ENDPOS1,117.0667
ENDPOS5 (UnityEngine.Transform),1.75,ENDPOS5,119.2
ENDPOS4 (UnityEngine.Transform),1.75,ENDPOS4,121.9667
ENDPOS5 (UnityEngine.Transform),2,ENDPOS5,126.0333
ENDPOS2 (UnityEngine.Transform),2,ENDPOS2,130.7889
ENDPOS3 (UnityEngine.Transform),1.75,ENDPOS3,133.2222
ENDPOS3 (UnityEngine.Transform),2,ENDPOS3,136.7778
ENDPOS4 (UnityEngine.Transform),1.25,ENDPOS4,140.2222
ENDPOS3 (UnityEngine.Transform),2,ENDPOS3,144.5
ENDPOS4 (UnityEngine.Transform),1.75,ENDPOS4,149.4556
ENDPOS5 (UnityEngine.Transform),2,ENDPOS5,153
ENDPOS3 (UnityEngine.Transform),1.75,ENDPOS3,157.0556
ENDPOS2 (UnityEngine.Transform),2,ENDPOS2,161.2333
ENDPOS5 (UnityEngine.Transform),1.25,ENDPOS5,164.9
ENDPOS3 (UnityEngine.Transform),1.75,ENDPOS3,168.1556
ENDPOS1 (UnityEngine.Transform),1,ENDPOS1,171.8889
ENDPOS4 (UnityEngine.Transform),1.5,ENDPOS4,173.6333
ENDPOS4 (UnityEngine.Transform),1.5,ENDPOS4,177.6333
ENDPOS2 (UnityEngine.Transform),1.25,ENDPOS2,180.0444
ENDPOS3 (UnityEngine.Transform),1,ENDPOS3,184
ENDPOS1 (UnityEngine.Transform),1,ENDPOS1,188.2889
ENDPOS1 (UnityEngine.Transform),1.5,ENDPOS1,192.4222
ENDPOS3 (UnityEngine.Transform),1.25,ENDPOS3,194.9111
ENDPOS5 (UnityEngine.Transform),1.25,ENDPOS5,199.4667
ENDPOS3 (UnityEngine.Transform),1,ENDPOS3,202.4556
ENDPOS2 (UnityEngine.Transform),1.75,ENDPOS2,206.5778
ENDPOS5 (UnityEngine.Transform),1,ENDPOS5,211.4889
ENDPOS2 (UnityEngine.Transform),1.25,ENDPOS2,213.6111
ENDPOS3 (UnityEngine.Transform),1.25,ENDPOS3,217.8778
ENDPOS1 (UnityEngine.Transform),1.75,ENDPOS1,222.1
ENDPOS5 (UnityEngine.Transform),1.5,ENDPOS5,225.0778
ENDPOS4 (UnityEngine.Transform),1.25,ENDPOS4,229.0333
ENDPOS1 (UnityEngine.Transform),1.25,ENDPOS1,233.4444
ENDPOS4 (UnityEngine.Transform),1.5,ENDPOS4,236.1445
ENDPOS2 (UnityEngine.Transform),1.25,ENDPOS2,239.7778
ENDPOS1 (UnityEngine.Transform),1.25,ENDPOS1,242.0889
ENDPOS1 (UnityEngine.Transform),1.25,ENDPOS1,244.6445
ENDPOS3 (UnityEngine.Transform),1.25,ENDPOS3,249.3111
ENDPOS4 (UnityEngine.Transform),1.75,ENDPOS4,251.9778
ENDPOS4 (UnityEngine.Transform),2,ENDPOS4,255.7556
ENDPOS4 (UnityEngine.Transform),1.25,ENDPOS4,260.4333
ENDPOS4 (UnityEngine.Transform),1.75,ENDPOS4,262.3778
ENDPOS4 (UnityEngine.Transform),1.5,ENDPOS4,264.9556
ENDPOS4 (UnityEngine.Transform),1,ENDPOS4,269.9778
ENDPOS3 (UnityEngine.Transform),1.5,ENDPOS3,274.3445
ENDPOS5 (UnityEngine.Transform),1.5,ENDPOS5,278.4778
ENDPOS5 (UnityEngine.Transform),1.5,ENDPOS5,281.9111
ENDPOS4 (UnityEngine.Transform),1.25,ENDPOS4,286.2667
ENDPOS1 (UnityEngine.Transform),2,ENDPOS1,289.5333
ENDPOS1 (UnityEngine.Transform),1.75,ENDPOS1,293.5556
ENDPOS5 (UnityEngine.Transform),1.75,ENDPOS5,298.0889
ENDPOS2 (UnityEngine.Transform),1.5,ENDPOS2,302.8667
ENDPOS2 (UnityEngine.Transform),1.5,ENDPOS2,306.7778
ENDPOS2 (UnityEngine.Transform),1,ENDPOS2,311.9556
ENDPOS3 (UnityEngine.Transform),2,ENDPOS3,313.5222
ENDPOS5 (UnityEngine.Transform),1,ENDPOS5,318
ENDPOS1 (UnityEngine.Transform),1.5,ENDPOS1,321.4
ENDPOS3 (UnityEngine.Transform),1.5,ENDPOS3,325.4667
ENDPOS1 (UnityEngine.Transform),1.25,ENDPOS1,328.8222
ENDPOS2 (UnityEngine.Transform),1.75,ENDPOS2,333.2667
ENDPOS1 (UnityEngine.Transform),1.75,ENDPOS1,338.2667
ENDPOS1 (UnityEngine.Transform),2,ENDPOS1,342.1667
ENDPOS5 (UnityEngine.Transform),1.25,ENDPOS5,344.6556
ENDPOS5 (UnityEngine.Transform),2,ENDPOS5,347.2667
ENDPOS1 (UnityEngine.Transform),1.5,ENDPOS1,350.3889
ENDPOS3 (UnityEngine.Transform),1.75,ENDPOS3,352.5667
ENDPOS4 (UnityEngine.Transform),1,ENDPOS4,357.2667
ENDPOS5 (UnityEngine.Transform),1,ENDPOS5,361.8333
ENDPOS4 (UnityEngine.Transform),1.75,ENDPOS4,3.488889
ENDPOS2 (UnityEngine.Transform),1.5ENDPOS1 (UnityEngine.Transform),1,4.035784
ENDPOS5 (UnityEngine.Transform),1.25,8.510232
ENDPOS5 (UnityEngine.Transform),1.25,12.85723
ENDPOS2 (UnityEngine.Transform),1.5,17.55054
ENDPOS1 (UnityEngine.Transform),1.25,21.90464
ENDPOS2 (UnityEngine.Transform),2,25.71428
ENDPOS5 (UnityEngine.Transform),2,29.25729
ENDPOS1 (UnityEngine.Transform),1.5,34.25475
ENDPOS2 (UnityEngine.Transform),1.5,38.64315
ENDPOS4 (UnityEngine.Transform),1.25,42.66225
ENDPOS5 (UnityEngine.Transform),1.5,45.67939
ENDPOS5 (UnityEngine.Transform),1,47.99994
ENDPOS1 (UnityEngine.Transform),1.5,50.4754
ENDPOS1 (UnityEngine.Transform),1,52.9359
ENDPOS1 (UnityEngine.Transform),2,3.258865
ENDPOS1 (UnityEngine.Transform),1.5,6.967676
ENDPOS2 (UnityEngine.Transform),1.25,11.42208
ENDPOS4 (UnityEngine.Transform),2,16.17515
ENDPOS5 (UnityEngine.Transform),1.75,19.6766
ENDPOS3 (UnityEngine.Transform),1.25,23.87194
ENDPOS1 (UnityEngine.Transform),2,26.25099
ENDPOS1 (UnityEngine.Transform),1,28.26443
ENDPOS1 (UnityEngine.Transform),1.5,33.08238
ENDPOS3 (UnityEngine.Transform),2,36.86658
ENDPOS5 (UnityEngine.Transform),1,40.62358
ENDPOS2 (UnityEngine.Transform),2,44.84132
ENDPOS2 (UnityEngine.Transform),1.25,399
ENDPOS5 (UnityEngine.Transform),2,404
ENDPOS3 (UnityEngine.Transform),1.25,405
ENDPOS4 (UnityEngine.Transform),1.75,405
ENDPOS2 (UnityEngine.Transform),1.5,405
ENDPOS1 (UnityEngine.Transform),2ENDPOS4 (UnityEngine.Transform),1.25ENDPOS2 (UnityEngine.Transform),1.75ENDPOS4 (UnityEngine.Transform),1.25ENDPOS5 (UnityEngine.Transform),1ENDPOS2 (UnityEngine.Transform),1.75ENDPOS2 (UnityEngine.Transform),2ENDPOS4 (UnityEngine.Transform),1.75ENDPOS5 (UnityEngine.Transform),1.5ENDPOS2 (UnityEngine.Transform),1.25ENDPOS5 (UnityEngine.Transform),1.5ENDPOS3 (UnityEngine.Transform),1.5ENDPOS1 (UnityEngine.Transform),2ENDPOS1 (UnityEngine.Transform),1.5ENDPOS2 (UnityEngine.Transform),1ENDPOS1 (UnityEngine.Transform),1.5ENDPOS4 (UnityEngine.Transform),2ENDPOS3 (UnityEngine.Transform),1.25ENDPOS1 (UnityEngine.Transform),2ENDPOS4 (UnityEngine.Transform),2ENDPOS4 (UnityEngine.Transform),1.75ENDPOS1 (UnityEngine.Transform),1.5ENDPOS2 (UnityEngine.Transform),1ENDPOS4 (UnityEngine.Transform),2ENDPOS1 (UnityEngine.Transform),2ENDPOS5 (UnityEngine.Transform),1.5ENDPOS3 (UnityEngine.Transform),1ENDPOS4 (UnityEngine.Transform),1.75ENDPOS3 (UnityEngine.Transform),1.75ENDPOS2 (UnityEngine.Transform),1.5ENDPOS3 (UnityEngine.Transform),1.75ENDPOS3 (UnityEngine.Transform),1.5ENDPOS2 (UnityEngine.Transform),1.75ENDPOS1 (UnityEngine.Transform),1.75ENDPOS5 (UnityEngine.Transform),1.5ENDPOS3 (UnityEngine.Transform),1.75