ENDPOS5 (UnityEngine.Transform),2,Controller (right),3.788889
ENDPOS4 (UnityEngine.Transform),1.75,ENDPOS4,7.911111
ENDPOS5 (UnityEngine.Transform),1.75,Controller (right),12.82222
ENDPOS1 (UnityEngine.Transform),1,Controller (right),17.73333
ENDPOS2 (UnityEngine.Transform),1.5,Controller (right),20.36667
ENDPOS3 (UnityEngine.Transform),1,Controller (right),22.84444
ENDPOS4 (UnityEngine.Transform),2,ENDPOS4,26.64445
ENDPOS3 (UnityEngine.Transform),1.75,Controller (right),30.14445
ENDPOS3 (UnityEngine.Transform),1.75,Controller (right),33.93333
ENDPOS5 (UnityEngine.Transform),1.25,Controller (right),37.95555
ENDPOS3 (UnityEngine.Transform),2,ENDPOS3,40.71111
ENDPOS4 (UnityEngine.Transform),1.75,ENDPOS4,42.88889
ENDPOS3 (UnityEngine.Transform),1.75,Controller (right),45.77778
ENDPOS5 (UnityEngine.Transform),1.75,Controller (right),50.07778
ENDPOS4 (UnityEngine.Transform),2,ENDPOS4,53.83334
ENDPOS4 (UnityEngine.Transform),1.75,ENDPOS4,55.96667
ENDPOS2 (UnityEngine.Transform),1.75,ENDPOS2,59.24445
ENDPOS3 (UnityEngine.Transform),1.75,Controller (right),64.08889
ENDPOS1 (UnityEngine.Transform),1.25,Controller (right),66.32223
ENDPOS4 (UnityEngine.Transform),1,Controller (right),68.76667
ENDPOS5 (UnityEngine.Transform),1,Controller (right),71.28889
ENDPOS3 (UnityEngine.Transform),2,Controller (right),74.25555
ENDPOS1 (UnityEngine.Transform),1.5,Controller (right),78.27778
ENDPOS3 (UnityEngine.Transform),1,Controller (right),80.68889
ENDPOS2 (UnityEngine.Transform),1,Controller (right),82.68889
ENDPOS1 (UnityEngine.Transform),1.25,Controller (right),85.73334
ENDPOS1 (UnityEngine.Transform),2,Controller (right),88.58889
ENDPOS1 (UnityEngine.Transform),2,Controller (right),91.71111
ENDPOS4 (UnityEngine.Transform),2,ENDPOS4,94.27778
ENDPOS4 (UnityEngine.Transform),1,ENDPOS4,97.43333
ENDPOS5 (UnityEngine.Transform),1.5,Controller (right),100.4333
ENDPOS2 (UnityEngine.Transform),1,Controller (right),104.8889
ENDPOS4 (UnityEngine.Transform),1.5,ENDPOS4,106.8
ENDPOS1 (UnityEngine.Transform),1.5,Controller (right),110.3667
ENDPOS5 (UnityEngine.Transform),2,ENDPOS5,113.2667
ENDPOS4 (UnityEngine.Transform),1.25,Controller (right),116.8889
ENDPOS4 (UnityEngine.Transform),1.75,ENDPOS4,119.5444
ENDPOS2 (UnityEngine.Transform),1.5,Controller (right),122.5778
ENDPOS2 (UnityEngine.Transform),1,Controller (right),125.3333
ENDPOS2 (UnityEngine.Transform),1.5,Controller (right),129.0333
ENDPOS3 (UnityEngine.Transform),1.5,Controller (right),131.9
ENDPOS5 (UnityEngine.Transform),1.5,Controller (right),134.4333
ENDPOS2 (UnityEngine.Transform),2,ENDPOS2,136.4556
ENDPOS3 (UnityEngine.Transform),2,Controller (right),139.4889
ENDPOS2 (UnityEngine.Transform),1.75,Controller (right),142.0333
ENDPOS3 (UnityEngine.Transform),1.25,Controller (right),146.9111
ENDPOS1 (UnityEngine.Transform),1,Controller (right),149.9444
ENDPOS5 (UnityEngine.Transform),1.25,Controller (right),153.2111
ENDPOS1 (UnityEngine.Transform),1.75,Controller (right),157.9333
ENDPOS5 (UnityEngine.Transform),1,Controller (right),160.5222
ENDPOS1 (UnityEngine.Transform),1.75,Controller (right),162.3333
ENDPOS2 (UnityEngine.Transform),1.25,Controller (right),165.0556
ENDPOS2 (UnityEngine.Transform),1.25,Controller (right),167.3
ENDPOS1 (UnityEngine.Transform),1.75,Controller (right),169.9778
ENDPOS2 (UnityEngine.Transform),1.25,Controller (right),173.2889
ENDPOS4 (UnityEngine.Transform),1,Controller (right),177.3333
ENDPOS2 (UnityEngine.Transform),1.5,Controller (right),180.3556
ENDPOS2 (UnityEngine.Transform),1.75,Controller (right),183.0556
ENDPOS2 (UnityEngine.Transform),1.75,Controller (right),187.2222
ENDPOS3 (UnityEngine.Transform),1.25,Controller (right),191.3111
ENDPOS3 (UnityEngine.Transform),1,Controller (right),195.5222
ENDPOS3 (UnityEngine.Transform),1.25,Controller (right),198.6556
ENDPOS1 (UnityEngine.Transform),1.5,Controller (right),200.9667
ENDPOS1 (UnityEngine.Transform),1.5,Controller (right),204.6111
ENDPOS1 (UnityEngine.Transform),1.25,Controller (right),208.9556
ENDPOS4 (UnityEngine.Transform),1.25,Controller (right),212.9778
ENDPOS2 (UnityEngine.Transform),1.25,Controller (right),216.8445
ENDPOS4 (UnityEngine.Transform),2,ENDPOS4,218.6333
ENDPOS3 (UnityEngine.Transform),1.5,Controller (right),222.4556
ENDPOS1 (UnityEngine.Transform),1.75,Controller (right),224.6445
ENDPOS5 (UnityEngine.Transform),1.5,Controller (right),227.4556
ENDPOS4 (UnityEngine.Transform),1.5,Controller (right),230.9
ENDPOS5 (UnityEngine.Transform),1,Controller (right),234.8889
ENDPOS3 (UnityEngine.Transform),1.5,Controller (right),239.2333
ENDPOS4 (UnityEngine.Transform),1,Controller (right),244.0667
ENDPOS4 (UnityEngine.Transform),1.25,Controller (right),248.2778
ENDPOS1 (UnityEngine.Transform),1,Controller (right),253.1778
ENDPOS4 (UnityEngine.Transform),1.5,Controller (right),257.5445
ENDPOS3 (UnityEngine.Transform),1,Controller (right),260.3556
ENDPOS3 (UnityEngine.Transform),1.5,Controller (right),263.4333
ENDPOS1 (UnityEngine.Transform),2,Controller (right),268.1111
ENDPOS2 (UnityEngine.Transform),2,ENDPOS2,271.0333
ENDPOS5 (UnityEngine.Transform),2,ENDPOS5,275.1333
ENDPOS4 (UnityEngine.Transform),1.5,ENDPOS4,277.3556
ENDPOS5 (UnityEngine.Transform),1.25,Controller (right),279.4556
ENDPOS4 (UnityEngine.Transform),1.25,Controller (right),282.3333
ENDPOS5 (UnityEngine.Transform),1.75,Controller (right),286.2667
ENDPOS3 (UnityEngine.Transform),1.25,Controller (right),289.3
ENDPOS5 (UnityEngine.Transform),2,Controller (right),291.5778
ENDPOS5 (UnityEngine.Transform),1.25,Controller (right),294.6778
ENDPOS1 (UnityEngine.Transform),2,Controller (right),297.5111
ENDPOS5 (UnityEngine.Transform),1.75,Controller (right),300.3445
ENDPOS3 (UnityEngine.Transform),2,Controller (right),304.5
ENDPOS5 (UnityEngine.Transform),1.5,Controller (right),307.1778
ENDPOS2 (UnityEngine.Transform),1,Controller (right),310.7556
ENDPOS2 (UnityEngine.Transform),2,ENDPOS2,312.4778
ENDPOS2 (UnityEngine.Transform),2,ENDPOS2,317.0445
ENDPOS1 (UnityEngine.Transform),1.25,Controller (right),320.9333
ENDPOS5 (UnityEngine.Transform),1,Controller (right),323.1444
ENDPOS1 (UnityEngine.Transform),1,Controller (right),325.2111
