ENDPOS4 (UnityEngine.Transform),1.75,ENDPOS4,4.466667
ENDPOS5 (UnityEngine.Transform),1,Controller (right),8.477778
ENDPOS1 (UnityEngine.Transform),1.25,Controller (right),12.78889
ENDPOS5 (UnityEngine.Transform),1.5,Controller (right),15.57778
ENDPOS5 (UnityEngine.Transform),1.5,Controller (right),17.95556
ENDPOS4 (UnityEngine.Transform),2,ENDPOS4,19.92222
ENDPOS3 (UnityEngine.Transform),2,ENDPOS3,22.81111
ENDPOS4 (UnityEngine.Transform),1.5,ENDPOS4,26.82222
ENDPOS4 (UnityEngine.Transform),1.5,ENDPOS4,30.85556
ENDPOS5 (UnityEngine.Transform),1.5,Controller (right),35.23333
ENDPOS3 (UnityEngine.Transform),2,ENDPOS3,38.17778
ENDPOS4 (UnityEngine.Transform),1.25,Controller (right),40.63334
ENDPOS3 (UnityEngine.Transform),1.75,Controller (right),43.76667
ENDPOS2 (UnityEngine.Transform),1.5,Controller (right),48.87778
ENDPOS2 (UnityEngine.Transform),1.75,Controller (right),52.51111
ENDPOS4 (UnityEngine.Transform),1.25,Controller (right),56.58889
ENDPOS3 (UnityEngine.Transform),1,Controller (right),59.77778
ENDPOS1 (UnityEngine.Transform),1,Controller (right),62.58889
ENDPOS4 (UnityEngine.Transform),1.75,ENDPOS4,65.91111
ENDPOS1 (UnityEngine.Transform),1.75,Controller (right),68.82223
ENDPOS4 (UnityEngine.Transform),1,Controller (right),72.25555
ENDPOS1 (UnityEngine.Transform),1.5,Controller (right),74.71111
ENDPOS1 (UnityEngine.Transform),1.25,Controller (right),79.61111
ENDPOS1 (UnityEngine.Transform),2,Controller (right),83.46667
ENDPOS3 (UnityEngine.Transform),1,Controller (right),86.17778
ENDPOS4 (UnityEngine.Transform),1,Controller (right),89.73334
ENDPOS1 (UnityEngine.Transform),1,Controller (right),93.12222
ENDPOS3 (UnityEngine.Transform),1.75,Controller (right),97.13334
ENDPOS1 (UnityEngine.Transform),2,Controller (right),100.8444
ENDPOS1 (UnityEngine.Transform),1.75,Controller (right),104.9111
ENDPOS2 (UnityEngine.Transform),1.75,Controller (right),109.3889
ENDPOS3 (UnityEngine.Transform),1.5,Controller (right),113.5667
ENDPOS2 (UnityEngine.Transform),1.5,Controller (right),118.2667
ENDPOS5 (UnityEngine.Transform),1.25,Controller (right),121.5
ENDPOS3 (UnityEngine.Transform),1.25,Controller (right),125.9667
ENDPOS2 (UnityEngine.Transform),1,Controller (right),128.7444
ENDPOS3 (UnityEngine.Transform),1,Controller (right),133.1667
ENDPOS1 (UnityEngine.Transform),1.5,Controller (right),135.3333
ENDPOS2 (UnityEngine.Transform),2,ENDPOS2,138.3667
ENDPOS4 (UnityEngine.Transform),1,ENDPOS4,142.8889
ENDPOS3 (UnityEngine.Transform),1.75,Controller (right),145.7889
ENDPOS5 (UnityEngine.Transform),1.25,Controller (right),149.8778
ENDPOS1 (UnityEngine.Transform),1.75,Controller (right),152.6333
ENDPOS1 (UnityEngine.Transform),1.75,Controller (right),157.4556
ENDPOS1 (UnityEngine.Transform),1.25,Controller (right),160.6778
ENDPOS5 (UnityEngine.Transform),1.25,Controller (right),164.4556
ENDPOS2 (UnityEngine.Transform),2,ENDPOS2,168
ENDPOS3 (UnityEngine.Transform),1.25,Controller (right),170.8556
ENDPOS5 (UnityEngine.Transform),1.75,Controller (right),174.5333
ENDPOS1 (UnityEngine.Transform),1.25,Controller (right),178.7
ENDPOS2 (UnityEngine.Transform),1.25,Controller (right),182.6
ENDPOS4 (UnityEngine.Transform),1.25,Controller (right),185.1889
ENDPOS2 (UnityEngine.Transform),1.25,Controller (right),187.8667
ENDPOS2 (UnityEngine.Transform),1.25,Controller (right),190.1
ENDPOS4 (UnityEngine.Transform),1.5,ENDPOS4,193.4889
ENDPOS5 (UnityEngine.Transform),2,ENDPOS5,196.4111
ENDPOS5 (UnityEngine.Transform),1.5,Controller (right),201.4222
ENDPOS3 (UnityEngine.Transform),1.5,Controller (right),203.9111
ENDPOS4 (UnityEngine.Transform),1.25,Controller (right),206.8
ENDPOS5 (UnityEngine.Transform),2,Controller (right),211.2556
ENDPOS5 (UnityEngine.Transform),2,Controller (right),214.0778
ENDPOS1 (UnityEngine.Transform),1,Controller (right),218.2667
ENDPOS3 (UnityEngine.Transform),1.75,Controller (right),220.0556
ENDPOS5 (UnityEngine.Transform),1.75,Controller (right),222.1445
ENDPOS2 (UnityEngine.Transform),1.75,Controller (right),226.8333
ENDPOS5 (UnityEngine.Transform),2,Controller (right),230.6
ENDPOS3 (UnityEngine.Transform),2,ENDPOS3,233.8889
ENDPOS2 (UnityEngine.Transform),1,Controller (right),238.5889
ENDPOS4 (UnityEngine.Transform),2,ENDPOS4,242.1778
ENDPOS5 (UnityEngine.Transform),1,Controller (right),246.1
ENDPOS1 (UnityEngine.Transform),1.5,Controller (right),247.8445
ENDPOS4 (UnityEngine.Transform),2,ENDPOS4,252.6556
ENDPOS5 (UnityEngine.Transform),1.25,Controller (right),256.9
ENDPOS4 (UnityEngine.Transform),1.5,Controller (right),259.2444
ENDPOS4 (UnityEngine.Transform),2,ENDPOS4,263.9445
ENDPOS2 (UnityEngine.Transform),1,Controller (right),268.7
ENDPOS3 (UnityEngine.Transform),2,Controller (right),271.9333
ENDPOS5 (UnityEngine.Transform),1,Controller (right),275.0111
ENDPOS4 (UnityEngine.Transform),1.75,ENDPOS4,277.1222
ENDPOS2 (UnityEngine.Transform),1.5,Controller (right),280.6667
ENDPOS4 (UnityEngine.Transform),1,Controller (right),284.6222
ENDPOS5 (UnityEngine.Transform),1,Controller (right),286.6111
ENDPOS3 (UnityEngine.Transform),1.25,Controller (right),290.3333
ENDPOS1 (UnityEngine.Transform),1.5,Controller (right),293.3111
ENDPOS2 (UnityEngine.Transform),1,Controller (right),296.2556
ENDPOS4 (UnityEngine.Transform),1.75,ENDPOS4,298.2111
ENDPOS2 (UnityEngine.Transform),2,Controller (right),300.3
ENDPOS2 (UnityEngine.Transform),2,Controller (right),304.0556
ENDPOS3 (UnityEngine.Transform),1,Controller (right),306.7333
ENDPOS2 (UnityEngine.Transform),1.25,Controller (right),311.5556
ENDPOS1 (UnityEngine.Transform),2,Controller (right),313.7111
ENDPOS1 (UnityEngine.Transform),2,Controller (right),317.2556
ENDPOS3 (UnityEngine.Transform),1.5,Controller (right),322.1667
ENDPOS2 (UnityEngine.Transform),1.5,Controller (right),324.9778
ENDPOS2 (UnityEngine.Transform),1.75,Controller (right),328.2333
ENDPOS3 (UnityEngine.Transform),1.5,Controller (right),331.7
ENDPOS5 (UnityEngine.Transform),1.75,ENDPOS5,334.1222
ENDPOS5 (UnityEngine.Transform),1.75,Controller (right),338.0667
ENDPOS3 (UnityEngine.Transform),1.25,Controller (right),342.5111
ENDPOS1 (UnityEngine.Transform),1,Controller (right),346.1444
