ENDPOS1 (UnityEngine.Transform),2,ENDPOS1,2.855556
ENDPOS2 (UnityEngine.Transform),1,Controller (right),6.055556
ENDPOS5 (UnityEngine.Transform),1,Controller (right),9.811111
ENDPOS1 (UnityEngine.Transform),1,Controller (right),14.73333
ENDPOS5 (UnityEngine.Transform),1.25,ENDPOS5,17.5
ENDPOS2 (UnityEngine.Transform),1.5,Controller (right),20.74445
ENDPOS4 (UnityEngine.Transform),1.25,Controller (right),23.11111
ENDPOS1 (UnityEngine.Transform),1.5,ENDPOS1,27.03333
ENDPOS4 (UnityEngine.Transform),1.75,ENDPOS4,31.25556
,Controller (right),31.25556
ENDPOS3 (UnityEngine.Transform),1.25,Controller (right),35.96667
ENDPOS3 (UnityEngine.Transform),1.5,Controller (right),39.54445
ENDPOS3 (UnityEngine.Transform),1.75,ENDPOS3,41.97778
ENDPOS4 (UnityEngine.Transform),1.5,Controller (right),44.93333
ENDPOS1 (UnityEngine.Transform),1.5,Controller (right),48.83334
ENDPOS5 (UnityEngine.Transform),2,ENDPOS5,52.72223
ENDPOS1 (UnityEngine.Transform),2,Controller (right),56.76667
ENDPOS5 (UnityEngine.Transform),1.75,ENDPOS5,61.61111
ENDPOS1 (UnityEngine.Transform),1.75,ENDPOS1,63.97778
ENDPOS5 (UnityEngine.Transform),1,Controller (right),67
ENDPOS1 (UnityEngine.Transform),1.25,Controller (right),71.67778
ENDPOS4 (UnityEngine.Transform),1.25,Controller (right),76.46667
ENDPOS5 (UnityEngine.Transform),1.25,Controller (right),79.58889
ENDPOS3 (UnityEngine.Transform),1.5,Controller (right),83.22222
ENDPOS4 (UnityEngine.Transform),1.5,Controller (right),86.54445
ENDPOS2 (UnityEngine.Transform),1,Controller (right),89.5
ENDPOS3 (UnityEngine.Transform),2,ENDPOS3,94
ENDPOS1 (UnityEngine.Transform),1.25,Controller (right),96.81111
ENDPOS5 (UnityEngine.Transform),1.5,Controller (right),100.2889
ENDPOS1 (UnityEngine.Transform),1.75,Controller (right),104.4889
ENDPOS3 (UnityEngine.Transform),1,Controller (right),108.6333
ENDPOS3 (UnityEngine.Transform),1,Controller (right),110.8889
ENDPOS1 (UnityEngine.Transform),1.25,Controller (right),114.8111
ENDPOS2 (UnityEngine.Transform),1.5,Controller (right),118.9111
ENDPOS3 (UnityEngine.Transform),1,Controller (right),123.6444
ENDPOS5 (UnityEngine.Transform),2,ENDPOS5,127.6778
ENDPOS4 (UnityEngine.Transform),1.75,ENDPOS4,132.5444
ENDPOS2 (UnityEngine.Transform),2,ENDPOS2,137.1
ENDPOS1 (UnityEngine.Transform),2,ENDPOS1,139.2556
ENDPOS4 (UnityEngine.Transform),2,ENDPOS4,142.1333
ENDPOS4 (UnityEngine.Transform),1,Controller (right),145.7333
ENDPOS2 (UnityEngine.Transform),2,Controller (right),148.5333
ENDPOS5 (UnityEngine.Transform),2,ENDPOS5,153.2444
ENDPOS4 (UnityEngine.Transform),1,Controller (right),158.1
ENDPOS2 (UnityEngine.Transform),1.75,ENDPOS2,159.7556
ENDPOS4 (UnityEngine.Transform),1.5,Controller (right),163.8445
,ENDPOS4,163.8445
ENDPOS4 (UnityEngine.Transform),1.25,Controller (right),168.3111
,ENDPOS4,168.3111
ENDPOS5 (UnityEngine.Transform),1,Controller (right),172.2444
ENDPOS1 (UnityEngine.Transform),2,ENDPOS1,174.0889
ENDPOS1 (UnityEngine.Transform),1.75,Controller (right),177.2
ENDPOS2 (UnityEngine.Transform),2,ENDPOS2,181
ENDPOS5 (UnityEngine.Transform),1.5,ENDPOS5,183.5444
ENDPOS4 (UnityEngine.Transform),1.25,Controller (right),186.4889
ENDPOS3 (UnityEngine.Transform),1.75,ENDPOS3,190.6333
ENDPOS5 (UnityEngine.Transform),2,ENDPOS5,193.4556
ENDPOS3 (UnityEngine.Transform),1.75,ENDPOS3,198.4
ENDPOS3 (UnityEngine.Transform),2,ENDPOS3,203.1556
ENDPOS4 (UnityEngine.Transform),2,ENDPOS4,207.1222
ENDPOS4 (UnityEngine.Transform),1.5,ENDPOS4,211.1778
,Controller (right),211.1778
ENDPOS2 (UnityEngine.Transform),1.5,Controller (right),213.3556
ENDPOS1 (UnityEngine.Transform),1.75,Controller (right),215.8333
ENDPOS3 (UnityEngine.Transform),1,Controller (right),219.3
ENDPOS1 (UnityEngine.Transform),1,Controller (right),222.7556
ENDPOS5 (UnityEngine.Transform),1.75,Controller (right),227.2
ENDPOS5 (UnityEngine.Transform),1.75,Controller (right),229.9889
ENDPOS4 (UnityEngine.Transform),1.75,ENDPOS4,233.9889
ENDPOS5 (UnityEngine.Transform),1,Controller (right),239.1667
ENDPOS3 (UnityEngine.Transform),2,Controller (right),242.1445
ENDPOS5 (UnityEngine.Transform),1.5,Controller (right),246.3667
ENDPOS3 (UnityEngine.Transform),1.5,Controller (right),250.8333
ENDPOS3 (UnityEngine.Transform),1.25,ENDPOS3,254.2111
ENDPOS2 (UnityEngine.Transform),1.25,Controller (right),256.9778
ENDPOS1 (UnityEngine.Transform),1.5,Controller (right),259.9556
ENDPOS3 (UnityEngine.Transform),1.25,Controller (right),264.1555
ENDPOS2 (UnityEngine.Transform),1,Controller (right),268.0222
ENDPOS2 (UnityEngine.Transform),1.25,Controller (right),270.7889
ENDPOS4 (UnityEngine.Transform),1,Controller (right),275.3889
ENDPOS5 (UnityEngine.Transform),1.25,Controller (right),279.1889
ENDPOS2 (UnityEngine.Transform),1.75,Controller (right),283.8111
ENDPOS2 (UnityEngine.Transform),1.25,Controller (right),286.4
ENDPOS1 (UnityEngine.Transform),1.25,Controller (right),289.3556
ENDPOS1 (UnityEngine.Transform),1.5,Controller (right),292.3556
ENDPOS4 (UnityEngine.Transform),2,Controller (right),295.7889
,ENDPOS4,295.7889
ENDPOS4 (UnityEngine.Transform),1.75,Controller (right),300.0222
ENDPOS2 (UnityEngine.Transform),2,ENDPOS2,304.2222
ENDPOS3 (UnityEngine.Transform),1.25,Controller (right),307.4778
ENDPOS4 (UnityEngine.Transform),1,Controller (right),312.1555
ENDPOS4 (UnityEngine.Transform),2,ENDPOS4,314.5
ENDPOS3 (UnityEngine.Transform),2,ENDPOS3,317.8111
ENDPOS3 (UnityEngine.Transform),1.5,Controller (right),320
ENDPOS5 (UnityEngine.Transform),1.75,Controller (right),323.4333
ENDPOS2 (UnityEngine.Transform),1,Controller (right),327.1111
ENDPOS5 (UnityEngine.Transform),1.25,Controller (right),330.8556
ENDPOS5 (UnityEngine.Transform),1.5,Controller (right),335.4667
ENDPOS1 (UnityEngine.Transform),1,Controller (right),339.4
ENDPOS3 (UnityEngine.Transform),1.75,Controller (right),341.4889
ENDPOS2 (UnityEngine.Transform),1.5,ENDPOS2,343.8778
ENDPOS2 (UnityEngine.Transform),1.75,Controller (right),346.3667
ENDPOS2 (UnityEngine.Transform),1.75,ENDPOS2,349.6778
ENDPOS2 (UnityEngine.Transform),1.25,Controller (right),354.3667
ENDPOS1 (UnityEngine.Transform),1,Controller (right),358.3445
