ENDPOS4 (UnityEngine.Transform),1.25,ENDPOS4,3.677778
ENDPOS3 (UnityEngine.Transform),1.5,ENDPOS3,8.344444
ENDPOS2 (UnityEngine.Transform),2,ENDPOS2,10.42222
ENDPOS2 (UnityEngine.Transform),1.75,ENDPOS2,13.23333
ENDPOS3 (UnityEngine.Transform),1.75,ENDPOS3,15.48889
ENDPOS2 (UnityEngine.Transform),2,ENDPOS2,19.37778
ENDPOS2 (UnityEngine.Transform),1.5,ENDPOS2,24.28889
ENDPOS4 (UnityEngine.Transform),1.25,ENDPOS4,29.42222
,Controller (right),29.42222
ENDPOS5 (UnityEngine.Transform),1.5,ENDPOS5,31.85556
ENDPOS1 (UnityEngine.Transform),1.75,Controller (right),33.77778
ENDPOS4 (UnityEngine.Transform),1,Controller (right),36.66667
ENDPOS3 (UnityEngine.Transform),2,ENDPOS3,41.18889
ENDPOS4 (UnityEngine.Transform),1.5,ENDPOS4,45.7
ENDPOS2 (UnityEngine.Transform),1.75,ENDPOS2,48.75556
ENDPOS1 (UnityEngine.Transform),1.5,Controller (right),51.68889
ENDPOS3 (UnityEngine.Transform),1,Controller (right),54.8
ENDPOS1 (UnityEngine.Transform),1.75,ENDPOS1,57.51111
ENDPOS1 (UnityEngine.Transform),1.25,Controller (right),59.86667
ENDPOS2 (UnityEngine.Transform),1.5,ENDPOS2,64.11111
ENDPOS5 (UnityEngine.Transform),1,Controller (right),67.61111
ENDPOS4 (UnityEngine.Transform),1.5,ENDPOS4,71.16667
ENDPOS3 (UnityEngine.Transform),1.5,Controller (right),75.82223
ENDPOS3 (UnityEngine.Transform),1.25,Controller (right),79.3
ENDPOS3 (UnityEngine.Transform),1.5,Controller (right),83.67778
ENDPOS4 (UnityEngine.Transform),2,ENDPOS4,86.11111
ENDPOS1 (UnityEngine.Transform),1,Controller (right),90.05556
ENDPOS5 (UnityEngine.Transform),1.5,ENDPOS5,92.04445
ENDPOS3 (UnityEngine.Transform),2,ENDPOS3,95.04445
ENDPOS5 (UnityEngine.Transform),1.75,Controller (right),99.35556
ENDPOS2 (UnityEngine.Transform),1.25,ENDPOS2,102.6778
ENDPOS5 (UnityEngine.Transform),1.75,Controller (right),106.1667
ENDPOS5 (UnityEngine.Transform),2,ENDPOS5,108.7667
ENDPOS2 (UnityEngine.Transform),1.5,ENDPOS2,113.6778
ENDPOS1 (UnityEngine.Transform),1,Controller (right),118.1111
ENDPOS2 (UnityEngine.Transform),1,Controller (right),122.6111
ENDPOS4 (UnityEngine.Transform),1.25,Controller (right),126.9111
ENDPOS5 (UnityEngine.Transform),2,ENDPOS5,130.6889
ENDPOS2 (UnityEngine.Transform),2,ENDPOS2,134.0333
ENDPOS1 (UnityEngine.Transform),2,Controller (right),138.5556
ENDPOS1 (UnityEngine.Transform),2,Controller (right),140.7
ENDPOS4 (UnityEngine.Transform),1.75,ENDPOS4,144.3778
ENDPOS1 (UnityEngine.Transform),1.5,Controller (right),148.8111
ENDPOS2 (UnityEngine.Transform),2,ENDPOS2,151.2
ENDPOS1 (UnityEngine.Transform),1.25,Controller (right),155.3445
ENDPOS5 (UnityEngine.Transform),1.5,Controller (right),158.9444
ENDPOS3 (UnityEngine.Transform),2,ENDPOS3,162.8445
ENDPOS1 (UnityEngine.Transform),1.5,Controller (right),165.9111
ENDPOS5 (UnityEngine.Transform),1,Controller (right),170.1778
ENDPOS4 (UnityEngine.Transform),1,Controller (right),173.1222
ENDPOS5 (UnityEngine.Transform),1.5,Controller (right),176.0444
ENDPOS2 (UnityEngine.Transform),1.75,ENDPOS2,179.6667
ENDPOS5 (UnityEngine.Transform),2,ENDPOS5,183.2889
ENDPOS5 (UnityEngine.Transform),1.75,Controller (right),186.1667
ENDPOS4 (UnityEngine.Transform),1.25,Controller (right),189.1667
ENDPOS2 (UnityEngine.Transform),1.25,ENDPOS2,193.4889
ENDPOS2 (UnityEngine.Transform),1.25,Controller (right),195.6778
ENDPOS3 (UnityEngine.Transform),2,ENDPOS3,198.0444
ENDPOS3 (UnityEngine.Transform),1.75,Controller (right),202.1445
ENDPOS1 (UnityEngine.Transform),2,ENDPOS1,204.7444
ENDPOS1 (UnityEngine.Transform),1.5,Controller (right),207.7667
ENDPOS2 (UnityEngine.Transform),1,Controller (right),211.6667
ENDPOS5 (UnityEngine.Transform),1,Controller (right),216.5778
ENDPOS2 (UnityEngine.Transform),1.75,ENDPOS2,219.6111
ENDPOS4 (UnityEngine.Transform),1.75,ENDPOS4,223.5111
ENDPOS1 (UnityEngine.Transform),2,Controller (right),225.9667
ENDPOS3 (UnityEngine.Transform),1.75,ENDPOS3,230.8
ENDPOS2 (UnityEngine.Transform),1.25,ENDPOS2,233.5222
ENDPOS1 (UnityEngine.Transform),1.25,Controller (right),236.5778
ENDPOS3 (UnityEngine.Transform),1,Controller (right),241.0333
ENDPOS2 (UnityEngine.Transform),1,Controller (right),244.9444
ENDPOS3 (UnityEngine.Transform),1,Controller (right),247.7556
ENDPOS5 (UnityEngine.Transform),2,Controller (right),251.4556
ENDPOS3 (UnityEngine.Transform),1.5,ENDPOS3,253.9
ENDPOS5 (UnityEngine.Transform),1.25,Controller (right),256.7778
ENDPOS4 (UnityEngine.Transform),2,ENDPOS4,260.2444
ENDPOS1 (UnityEngine.Transform),1.75,ENDPOS1,263.0445
ENDPOS2 (UnityEngine.Transform),1,Controller (right),266.9445
ENDPOS5 (UnityEngine.Transform),1.25,Controller (right),269.5333
ENDPOS2 (UnityEngine.Transform),1.5,ENDPOS2,272.2222
ENDPOS5 (UnityEngine.Transform),1.25,Controller (right),276.2111
ENDPOS4 (UnityEngine.Transform),1,Controller (right),279.5333
ENDPOS4 (UnityEngine.Transform),1.5,ENDPOS4,281.8333
ENDPOS5 (UnityEngine.Transform),1,ENDPOS5,284.5889
ENDPOS3 (UnityEngine.Transform),1.75,Controller (right),288.0667
ENDPOS1 (UnityEngine.Transform),1.75,ENDPOS1,292.3222
ENDPOS4 (UnityEngine.Transform),1.5,ENDPOS4,296.0778
ENDPOS5 (UnityEngine.Transform),1.75,Controller (right),300.0445
ENDPOS3 (UnityEngine.Transform),1.25,Controller (right),303.8222
ENDPOS4 (UnityEngine.Transform),1.75,ENDPOS4,306.6889
ENDPOS3 (UnityEngine.Transform),1.25,Controller (right),309.0889
ENDPOS3 (UnityEngine.Transform),1,Controller (right),311.8778
ENDPOS4 (UnityEngine.Transform),2,ENDPOS4,315.8222
ENDPOS5 (UnityEngine.Transform),1.25,Controller (right),318.1889
ENDPOS1 (UnityEngine.Transform),1.25,Controller (right),322.8445
ENDPOS1 (UnityEngine.Transform),1,Controller (right),326.4778
ENDPOS4 (UnityEngine.Transform),2,Controller (right),328.9445
,ENDPOS4,328.9445
ENDPOS1 (UnityEngine.Transform),1,Controller (right),331.5222
ENDPOS3 (UnityEngine.Transform),1.25,Controller (right),334.9333
ENDPOS4 (UnityEngine.Transform),1.75,ENDPOS4,338.2667
,Controller (right),338.2667
ENDPOS4 (UnityEngine.Transform),1,Controller (right),341.2667
