ENDPOS2 (UnityEngine.Transform),2,ENDPOS2,3.655556
ENDPOS2 (UnityEngine.Transform),1.25,Controller (right),7.855556
ENDPOS4 (UnityEngine.Transform),1.75,Controller (right),11.18889
ENDPOS5 (UnityEngine.Transform),1.25,Controller (right),15.44444
ENDPOS3 (UnityEngine.Transform),1.75,Controller (right),19.45556
ENDPOS4 (UnityEngine.Transform),1.5,ENDPOS4,21.97778
ENDPOS5 (UnityEngine.Transform),2,Controller (right),24.8
ENDPOS4 (UnityEngine.Transform),1.25,Controller (right),29.77778
ENDPOS1 (UnityEngine.Transform),1.25,Controller (right),33.22222
ENDPOS1 (UnityEngine.Transform),1.5,Controller (right),36.71111
ENDPOS2 (UnityEngine.Transform),1,Controller (right),39.2
ENDPOS4 (UnityEngine.Transform),1.25,Controller (right),41.42222
ENDPOS2 (UnityEngine.Transform),2,ENDPOS2,45.36667
ENDPOS3 (UnityEngine.Transform),1,Controller (right),49.32222
ENDPOS1 (UnityEngine.Transform),2,Controller (right),52.15556
ENDPOS1 (UnityEngine.Transform),1,Controller (right),56.86667
ENDPOS2 (UnityEngine.Transform),1.5,Controller (right),61.52222
ENDPOS4 (UnityEngine.Transform),1.5,ENDPOS4,65.31111
ENDPOS5 (UnityEngine.Transform),1.25,Controller (right),69.41111
ENDPOS2 (UnityEngine.Transform),1.5,Controller (right),73.44444
ENDPOS1 (UnityEngine.Transform),1,Controller (right),77.15556
ENDPOS1 (UnityEngine.Transform),1.75,Controller (right),80.66667
ENDPOS4 (UnityEngine.Transform),1,Controller (right),85.07778
ENDPOS1 (UnityEngine.Transform),2,Controller (right),87.03333
ENDPOS5 (UnityEngine.Transform),1.5,Controller (right),90.16667
ENDPOS5 (UnityEngine.Transform),1.25,Controller (right),93.5
ENDPOS1 (UnityEngine.Transform),1.75,Controller (right),96.10001
ENDPOS2 (UnityEngine.Transform),1,Controller (right),98.91111
ENDPOS1 (UnityEngine.Transform),1,Controller (right),102.2333
ENDPOS2 (UnityEngine.Transform),1,Controller (right),104.7333
ENDPOS1 (UnityEngine.Transform),1.25,Controller (right),106.8667
ENDPOS4 (UnityEngine.Transform),1,Controller (right),111.7444
ENDPOS2 (UnityEngine.Transform),2,ENDPOS2,116.1111
ENDPOS5 (UnityEngine.Transform),1,Controller (right),119.8778
ENDPOS3 (UnityEngine.Transform),1.25,Controller (right),121.9333
ENDPOS1 (UnityEngine.Transform),1.25,Controller (right),126.1222
ENDPOS1 (UnityEngine.Transform),1.75,Controller (right),130.0889
ENDPOS1 (UnityEngine.Transform),1.75,Controller (right),133.5333
ENDPOS4 (UnityEngine.Transform),1,Controller (right),136.7222
ENDPOS5 (UnityEngine.Transform),1,Controller (right),140.9667
ENDPOS1 (UnityEngine.Transform),2,Controller (right),143.2333
ENDPOS3 (UnityEngine.Transform),1.25,Controller (right),147.0222
ENDPOS3 (UnityEngine.Transform),1.75,ENDPOS3,150.7444
ENDPOS5 (UnityEngine.Transform),1.75,Controller (right),154.4333
ENDPOS1 (UnityEngine.Transform),2,Controller (right),158.4667
ENDPOS4 (UnityEngine.Transform),2,ENDPOS4,161.1556
ENDPOS2 (UnityEngine.Transform),1.25,Controller (right),166.3778
ENDPOS4 (UnityEngine.Transform),2,Controller (right),168.5111
ENDPOS3 (UnityEngine.Transform),2,ENDPOS3,172.5222
ENDPOS4 (UnityEngine.Transform),2,ENDPOS4,175.4222
ENDPOS5 (UnityEngine.Transform),1,Controller (right),178.7222
ENDPOS2 (UnityEngine.Transform),2,ENDPOS2,183.3222
ENDPOS3 (UnityEngine.Transform),2,ENDPOS3,185.6445
ENDPOS3 (UnityEngine.Transform),1.5,Controller (right),189.1333
ENDPOS2 (UnityEngine.Transform),1.75,Controller (right),193.9556
ENDPOS5 (UnityEngine.Transform),2,ENDPOS5,197.8111
ENDPOS4 (UnityEngine.Transform),1,Controller (right),202.0889
ENDPOS2 (UnityEngine.Transform),1.25,Controller (right),205.7444
ENDPOS3 (UnityEngine.Transform),1,Controller (right),208.5556
ENDPOS2 (UnityEngine.Transform),1,Controller (right),212.7667
ENDPOS4 (UnityEngine.Transform),2,ENDPOS4,215.7
ENDPOS3 (UnityEngine.Transform),1.5,Controller (right),218.8333
ENDPOS5 (UnityEngine.Transform),1,Controller (right),221.3222
ENDPOS3 (UnityEngine.Transform),1.75,ENDPOS3,224.0222
ENDPOS5 (UnityEngine.Transform),2,ENDPOS5,226.4889
ENDPOS4 (UnityEngine.Transform),1.25,Controller (right),230.9667
ENDPOS5 (UnityEngine.Transform),1.75,ENDPOS5,233.8667
ENDPOS1 (UnityEngine.Transform),1.5,Controller (right),238.3222
ENDPOS3 (UnityEngine.Transform),1.25,Controller (right),243.3778
ENDPOS4 (UnityEngine.Transform),1.5,ENDPOS4,246.2889
ENDPOS3 (UnityEngine.Transform),1.75,ENDPOS3,249.9111
ENDPOS2 (UnityEngine.Transform),1.75,Controller (right),253.3889
ENDPOS3 (UnityEngine.Transform),1,Controller (right),258.2889
ENDPOS4 (UnityEngine.Transform),1.25,Controller (right),260.1667
ENDPOS2 (UnityEngine.Transform),1.25,Controller (right),262.4445
ENDPOS5 (UnityEngine.Transform),1.25,Controller (right),266.3556
ENDPOS3 (UnityEngine.Transform),2,ENDPOS3,270.1
ENDPOS1 (UnityEngine.Transform),1.5,Controller (right),274.9111
ENDPOS1 (UnityEngine.Transform),1.5,Controller (right),277.3111
ENDPOS2 (UnityEngine.Transform),1.75,Controller (right),279.4445
ENDPOS4 (UnityEngine.Transform),1.75,ENDPOS4,283.1111
ENDPOS1 (UnityEngine.Transform),1,Controller (right),285.8889
ENDPOS3 (UnityEngine.Transform),2,ENDPOS3,288.6333
ENDPOS5 (UnityEngine.Transform),1.75,Controller (right),291.2222
ENDPOS4 (UnityEngine.Transform),1.5,Controller (right),293.7556
ENDPOS5 (UnityEngine.Transform),1.5,Controller (right),297.5
ENDPOS5 (UnityEngine.Transform),1.5,Controller (right),299.8111
ENDPOS3 (UnityEngine.Transform),1,Controller (right),302.4778
ENDPOS1 (UnityEngine.Transform),1.25,Controller (right),305.9667
ENDPOS5 (UnityEngine.Transform),1.75,Controller (right),309.6444
ENDPOS2 (UnityEngine.Transform),1.5,Controller (right),312.1667
ENDPOS3 (UnityEngine.Transform),1.5,Controller (right),316.6889
ENDPOS4 (UnityEngine.Transform),1.75,ENDPOS4,318.7111
ENDPOS2 (UnityEngine.Transform),1.5,Controller (right),323.7222
ENDPOS2 (UnityEngine.Transform),1.75,Controller (right),326.8556
ENDPOS4 (UnityEngine.Transform),1.75,ENDPOS4,329.0778
ENDPOS5 (UnityEngine.Transform),1.5,Controller (right),332.3333
ENDPOS3 (UnityEngine.Transform),1.25,Controller (right),334.7111
ENDPOS5 (UnityEngine.Transform),2,ENDPOS5,336.8556
ENDPOS3 (UnityEngine.Transform),1.5,Controller (right),339.5556
