ENDPOS2 (UnityEngine.Transform),2,ENDPOS2,3.711111
ENDPOS4 (UnityEngine.Transform),2,Controller (left),7.622222
ENDPOS1 (UnityEngine.Transform),2,Controller (left),12.27778
ENDPOS1 (UnityEngine.Transform),1,Controller (left),16.77778
ENDPOS5 (UnityEngine.Transform),1.75,ENDPOS5,19.1
ENDPOS5 (UnityEngine.Transform),1.5,Controller (left),23.28889
ENDPOS5 (UnityEngine.Transform),1,Controller (left),27.33333
ENDPOS5 (UnityEngine.Transform),2,Controller (left),31.5
ENDPOS3 (UnityEngine.Transform),2,ENDPOS3,34.95555
ENDPOS4 (UnityEngine.Transform),1.75,ENDPOS4,39.81111
ENDPOS4 (UnityEngine.Transform),1,Controller (left),44.58889
ENDPOS2 (UnityEngine.Transform),1.75,Controller (left),48.83334
ENDPOS4 (UnityEngine.Transform),1.5,Controller (left),51.92222
ENDPOS4 (UnityEngine.Transform),1.25,Controller (left),55.44445
ENDPOS5 (UnityEngine.Transform),1.25,Controller (left),58.8
ENDPOS1 (UnityEngine.Transform),2,Controller (left),62.26667
ENDPOS4 (UnityEngine.Transform),1.5,Controller (left),65.48889
ENDPOS2 (UnityEngine.Transform),2,ENDPOS2,68.5
ENDPOS4 (UnityEngine.Transform),1.5,Controller (left),72.73334
ENDPOS3 (UnityEngine.Transform),1.75,ENDPOS3,75.7
ENDPOS3 (UnityEngine.Transform),1.5,Controller (left),80.15556
ENDPOS4 (UnityEngine.Transform),1,Controller (left),85.23334
ENDPOS2 (UnityEngine.Transform),1.75,ENDPOS2,87.4
ENDPOS4 (UnityEngine.Transform),1,Controller (left),90.64445
ENDPOS1 (UnityEngine.Transform),1.25,Controller (left),93.1
ENDPOS5 (UnityEngine.Transform),1.25,Controller (left),97.13334
ENDPOS1 (UnityEngine.Transform),1,Controller (left),102.0556
ENDPOS5 (UnityEngine.Transform),1.75,ENDPOS5,105.2778
ENDPOS3 (UnityEngine.Transform),1.5,Controller (left),108.6333
ENDPOS3 (UnityEngine.Transform),1,Controller (left),112.6
ENDPOS2 (UnityEngine.Transform),1,Controller (left),115.4667
ENDPOS2 (UnityEngine.Transform),1.75,ENDPOS2,117.1778
ENDPOS4 (UnityEngine.Transform),2,ENDPOS4,120.2444
ENDPOS3 (UnityEngine.Transform),1.5,Controller (left),123.5667
ENDPOS4 (UnityEngine.Transform),1,Controller (left),127.2444
ENDPOS2 (UnityEngine.Transform),1.5,Controller (left),129.3445
ENDPOS3 (UnityEngine.Transform),1.75,Controller (left),133.5444
ENDPOS5 (UnityEngine.Transform),1.5,Controller (left),138.6
ENDPOS3 (UnityEngine.Transform),1.25,Controller (left),142.6445
ENDPOS3 (UnityEngine.Transform),1,Controller (left),145.4778
ENDPOS5 (UnityEngine.Transform),1.75,Controller (left),148.5556
ENDPOS1 (UnityEngine.Transform),1.5,Controller (left),150.9667
ENDPOS3 (UnityEngine.Transform),1.25,Controller (left),155.6111
ENDPOS5 (UnityEngine.Transform),2,ENDPOS5,157.7667
ENDPOS4 (UnityEngine.Transform),1.75,ENDPOS4,160.2778
ENDPOS2 (UnityEngine.Transform),1.25,Controller (left),163.1778
ENDPOS3 (UnityEngine.Transform),1.25,Controller (left),167.2667
ENDPOS2 (UnityEngine.Transform),1,Controller (left),170.1667
ENDPOS2 (UnityEngine.Transform),1.5,Controller (left),172.4889
ENDPOS3 (UnityEngine.Transform),2,Controller (left),174.7111
ENDPOS4 (UnityEngine.Transform),1.75,ENDPOS4,178.6
ENDPOS5 (UnityEngine.Transform),1.5,ENDPOS5,181
ENDPOS1 (UnityEngine.Transform),1.25,Controller (left),185.7556
ENDPOS4 (UnityEngine.Transform),2,ENDPOS4,187.7111
,Controller (left),187.7111
ENDPOS2 (UnityEngine.Transform),1.5,ENDPOS2,191.1889
ENDPOS3 (UnityEngine.Transform),1.5,Controller (left),193.3111
ENDPOS1 (UnityEngine.Transform),1,Controller (left),198.1556
ENDPOS2 (UnityEngine.Transform),1.25,Controller (left),201.4333
ENDPOS5 (UnityEngine.Transform),2,ENDPOS5,205.6
ENDPOS3 (UnityEngine.Transform),2,Controller (left),209.9667
ENDPOS1 (UnityEngine.Transform),1.75,Controller (left),213.6667
ENDPOS1 (UnityEngine.Transform),1.5,Controller (left),217.5889
ENDPOS1 (UnityEngine.Transform),2,Controller (left),220.5444
ENDPOS2 (UnityEngine.Transform),1.75,Controller (left),225.3333
ENDPOS5 (UnityEngine.Transform),1,Controller (left),228.6778
ENDPOS4 (UnityEngine.Transform),1.5,Controller (left),230.5889
ENDPOS3 (UnityEngine.Transform),1.25,Controller (left),235.2222
ENDPOS5 (UnityEngine.Transform),1,Controller (left),239.1222
ENDPOS1 (UnityEngine.Transform),1,Controller (left),243.7556
ENDPOS2 (UnityEngine.Transform),1.25,Controller (left),248.2111
ENDPOS5 (UnityEngine.Transform),2,ENDPOS5,250.2333
ENDPOS5 (UnityEngine.Transform),1,Controller (left),253.6667
ENDPOS5 (UnityEngine.Transform),1.25,Controller (left),255.7778
ENDPOS4 (UnityEngine.Transform),1.25,Controller (left),260.2667
ENDPOS2 (UnityEngine.Transform),1,Controller (left),263.1778
ENDPOS1 (UnityEngine.Transform),1.75,ENDPOS1,266.6889
ENDPOS2 (UnityEngine.Transform),2,Controller (left),270.8
ENDPOS2 (UnityEngine.Transform),2,Controller (left),273.7444
ENDPOS5 (UnityEngine.Transform),1.75,Controller (left),277.9445
ENDPOS2 (UnityEngine.Transform),1,Controller (left),281.1667
ENDPOS4 (UnityEngine.Transform),1.25,Controller (left),285.0556
ENDPOS5 (UnityEngine.Transform),1.5,Controller (left),289.5111
ENDPOS3 (UnityEngine.Transform),2,Controller (left),294.3778
ENDPOS3 (UnityEngine.Transform),1.75,Controller (left),298.0778
ENDPOS2 (UnityEngine.Transform),1.25,ENDPOS2,300.3778
ENDPOS4 (UnityEngine.Transform),1.25,Controller (left),304.6778
ENDPOS3 (UnityEngine.Transform),1,Controller (left),308.4
ENDPOS2 (UnityEngine.Transform),1.5,Controller (left),312.2111
ENDPOS1 (UnityEngine.Transform),1.75,Controller (left),315.0111
ENDPOS5 (UnityEngine.Transform),1.25,Controller (left),317.4556
ENDPOS1 (UnityEngine.Transform),1.5,Controller (left),321.2556
ENDPOS1 (UnityEngine.Transform),1.75,Controller (left),323.9445
ENDPOS1 (UnityEngine.Transform),1.5,Controller (left),328.7778
ENDPOS3 (UnityEngine.Transform),1,Controller (left),332.9889
ENDPOS4 (UnityEngine.Transform),2,ENDPOS4,335.6111
ENDPOS1 (UnityEngine.Transform),2,Controller (left),338.4222
ENDPOS4 (UnityEngine.Transform),1.75,ENDPOS4,341.4778
ENDPOS3 (UnityEngine.Transform),1.75,Controller (left),345.8333
ENDPOS1 (UnityEngine.Transform),1.25,Controller (left),348.4445
ENDPOS1 (UnityEngine.Transform),1.25,Controller (left),352.9556
