ENDPOS4 (UnityEngine.Transform),1.5,ENDPOS4,4.444445
ENDPOS4 (UnityEngine.Transform),2,ENDPOS4,7.233334
ENDPOS3 (UnityEngine.Transform),1.25,Controller (right),11.38889
ENDPOS3 (UnityEngine.Transform),1,Controller (right),16.48889
ENDPOS1 (UnityEngine.Transform),1,Controller (right),19.73333
ENDPOS5 (UnityEngine.Transform),1.5,Controller (right),23.65556
ENDPOS4 (UnityEngine.Transform),1.75,ENDPOS4,27.06667
ENDPOS1 (UnityEngine.Transform),1.25,Controller (right),29.38889
ENDPOS5 (UnityEngine.Transform),1,Controller (right),32.8
ENDPOS3 (UnityEngine.Transform),1.5,Controller (right),36.67778
ENDPOS2 (UnityEngine.Transform),2,Controller (right),40.85556
ENDPOS3 (UnityEngine.Transform),2,Controller (right),43.34444
ENDPOS3 (UnityEngine.Transform),1.75,Controller (right),47.92222
ENDPOS1 (UnityEngine.Transform),1.25,Controller (right),52.21111
ENDPOS5 (UnityEngine.Transform),1.25,Controller (right),56.64445
ENDPOS2 (UnityEngine.Transform),1.75,ENDPOS2,59.22223
ENDPOS3 (UnityEngine.Transform),2,Controller (right),61.15556
ENDPOS2 (UnityEngine.Transform),2,Controller (right),65.48889
ENDPOS4 (UnityEngine.Transform),1.5,Controller (right),69.14445
ENDPOS2 (UnityEngine.Transform),2,Controller (right),72.82223
ENDPOS1 (UnityEngine.Transform),2,Controller (right),75.96667
ENDPOS3 (UnityEngine.Transform),2,Controller (right),78.18889
ENDPOS3 (UnityEngine.Transform),1.25,Controller (right),82.7
ENDPOS5 (UnityEngine.Transform),1.75,Controller (right),86.01112
ENDPOS5 (UnityEngine.Transform),1.25,Controller (right),89.51112
ENDPOS3 (UnityEngine.Transform),1.5,Controller (right),92.24445
ENDPOS4 (UnityEngine.Transform),1.25,Controller (right),97.38889
ENDPOS1 (UnityEngine.Transform),1.25,Controller (right),101.4778
ENDPOS1 (UnityEngine.Transform),1.5,Controller (right),103.7444
ENDPOS1 (UnityEngine.Transform),1,Controller (right),108.9222
ENDPOS5 (UnityEngine.Transform),1.5,Controller (right),113.3111
ENDPOS2 (UnityEngine.Transform),1.5,ENDPOS2,116.5667
ENDPOS2 (UnityEngine.Transform),1.75,Controller (right),119.9667
ENDPOS1 (UnityEngine.Transform),1.5,Controller (right),122.1
ENDPOS4 (UnityEngine.Transform),1,Controller (right),127.3444
ENDPOS3 (UnityEngine.Transform),1,Controller (right),131.0444
ENDPOS4 (UnityEngine.Transform),1.25,Controller (right),134.7111
ENDPOS1 (UnityEngine.Transform),2,Controller (right),138.5667
ENDPOS2 (UnityEngine.Transform),1.25,Controller (right),143.6778
ENDPOS3 (UnityEngine.Transform),1.25,Controller (right),147.8556
ENDPOS2 (UnityEngine.Transform),1,Controller (right),152.9333
ENDPOS5 (UnityEngine.Transform),1,Controller (right),155.2889
ENDPOS5 (UnityEngine.Transform),2,Controller (right),159.2444
ENDPOS2 (UnityEngine.Transform),1.75,Controller (right),161.8778
ENDPOS2 (UnityEngine.Transform),1.5,Controller (right),165
ENDPOS1 (UnityEngine.Transform),1,Controller (right),168.7889
ENDPOS4 (UnityEngine.Transform),1.75,ENDPOS4,171.1667
ENDPOS4 (UnityEngine.Transform),2,ENDPOS4,173.6667
ENDPOS2 (UnityEngine.Transform),1.75,Controller (right),177.6222
ENDPOS2 (UnityEngine.Transform),1.25,Controller (right),179.9444
ENDPOS3 (UnityEngine.Transform),1.75,Controller (right),184.3222
ENDPOS4 (UnityEngine.Transform),1.75,ENDPOS4,189.2556
ENDPOS4 (UnityEngine.Transform),1.5,Controller (right),193.1
ENDPOS5 (UnityEngine.Transform),1.75,ENDPOS5,197.3889
ENDPOS4 (UnityEngine.Transform),1.25,Controller (right),201.6333
ENDPOS4 (UnityEngine.Transform),1.5,Controller (right),204.2111
ENDPOS4 (UnityEngine.Transform),1,Controller (right),207.1556
ENDPOS2 (UnityEngine.Transform),1.25,Controller (right),210.3222
ENDPOS5 (UnityEngine.Transform),2,ENDPOS5,213.3667
ENDPOS1 (UnityEngine.Transform),2,Controller (right),215.9111
ENDPOS5 (UnityEngine.Transform),1.25,Controller (right),219.6556
ENDPOS4 (UnityEngine.Transform),2,ENDPOS4,223.4222
ENDPOS3 (UnityEngine.Transform),1.5,Controller (right),226.0889
ENDPOS5 (UnityEngine.Transform),1.25,Controller (right),230.3778
ENDPOS1 (UnityEngine.Transform),1.5,Controller (right),234.9111
ENDPOS4 (UnityEngine.Transform),1.25,Controller (right),237.2111
ENDPOS3 (UnityEngine.Transform),1.75,Controller (right),239.2
ENDPOS1 (UnityEngine.Transform),1.5,Controller (right),242.9778
ENDPOS5 (UnityEngine.Transform),1.75,ENDPOS5,246.0889
ENDPOS3 (UnityEngine.Transform),1.75,Controller (right),248.8222
ENDPOS1 (UnityEngine.Transform),2,Controller (right),251.7444
ENDPOS5 (UnityEngine.Transform),2,Controller (right),254.1
ENDPOS1 (UnityEngine.Transform),1,Controller (right),257.3445
ENDPOS4 (UnityEngine.Transform),2,ENDPOS4,260.8445
ENDPOS3 (UnityEngine.Transform),1.5,Controller (right),263.3667
ENDPOS1 (UnityEngine.Transform),1.75,Controller (right),267.5556
ENDPOS2 (UnityEngine.Transform),1.25,Controller (right),271.1778
ENDPOS4 (UnityEngine.Transform),1,Controller (right),276.3556
ENDPOS5 (UnityEngine.Transform),2,ENDPOS5,278.3111
ENDPOS4 (UnityEngine.Transform),1,Controller (right),282.7889
ENDPOS2 (UnityEngine.Transform),1,Controller (right),287.1
ENDPOS1 (UnityEngine.Transform),1.75,Controller (right),290.7333
ENDPOS2 (UnityEngine.Transform),1.5,Controller (right),294.6
ENDPOS1 (UnityEngine.Transform),1.25,Controller (right),298.1555
ENDPOS2 (UnityEngine.Transform),1,Controller (right),303.1889
ENDPOS2 (UnityEngine.Transform),2,Controller (right),306.8667
ENDPOS5 (UnityEngine.Transform),1,Controller (right),310.4
ENDPOS5 (UnityEngine.Transform),1.75,Controller (right),312.9333
ENDPOS3 (UnityEngine.Transform),1.25,Controller (right),317.1667
ENDPOS1 (UnityEngine.Transform),1.75,Controller (right),319.7444
ENDPOS4 (UnityEngine.Transform),1.75,Controller (right),323.1667
ENDPOS3 (UnityEngine.Transform),1,Controller (right),326.4222
ENDPOS2 (UnityEngine.Transform),1.5,Controller (right),329.5667
ENDPOS2 (UnityEngine.Transform),1,Controller (right),333.6778
ENDPOS3 (UnityEngine.Transform),2,Controller (right),336.9333
ENDPOS1 (UnityEngine.Transform),1.75,Controller (right),339.5778
ENDPOS5 (UnityEngine.Transform),1,Controller (right),342.2222
ENDPOS5 (UnityEngine.Transform),1.5,Controller (right),346.4889
ENDPOS5 (UnityEngine.Transform),1.5,Controller (right),350.2778
ENDPOS3 (UnityEngine.Transform),1,Controller (right),354.7333
