ENDPOS2 (UnityEngine.Transform),2,ENDPOS2,4.822222
ENDPOS2 (UnityEngine.Transform),2,Controller (right),8.211111
ENDPOS4 (UnityEngine.Transform),2,ENDPOS4,10.24444
ENDPOS1 (UnityEngine.Transform),1,Controller (right),15.37778
ENDPOS2 (UnityEngine.Transform),1,Controller (right),18.73333
ENDPOS4 (UnityEngine.Transform),1,ENDPOS4,22.02222
ENDPOS4 (UnityEngine.Transform),1.5,ENDPOS4,24.81111
ENDPOS1 (UnityEngine.Transform),2,Controller (right),27.57778
ENDPOS1 (UnityEngine.Transform),1.25,Controller (right),30.95556
ENDPOS1 (UnityEngine.Transform),1,Controller (right),34.46667
ENDPOS2 (UnityEngine.Transform),2,ENDPOS2,37.36667
ENDPOS2 (UnityEngine.Transform),1.25,Controller (right),42.4
ENDPOS5 (UnityEngine.Transform),2,Controller (right),46.53333
ENDPOS3 (UnityEngine.Transform),1,Controller (right),49.92222
ENDPOS3 (UnityEngine.Transform),1.5,ENDPOS3,53.31111
ENDPOS5 (UnityEngine.Transform),2,ENDPOS5,57.58889
ENDPOS5 (UnityEngine.Transform),1.5,Controller (right),60.41111
ENDPOS5 (UnityEngine.Transform),1.75,Controller (right),64.31111
ENDPOS2 (UnityEngine.Transform),1.75,ENDPOS2,66.47778
ENDPOS4 (UnityEngine.Transform),1,Controller (right),71.81111
ENDPOS4 (UnityEngine.Transform),1.5,Controller (right),73.6
ENDPOS3 (UnityEngine.Transform),1.25,Controller (right),78.5
ENDPOS4 (UnityEngine.Transform),1.75,ENDPOS4,83.04445
ENDPOS4 (UnityEngine.Transform),1.5,ENDPOS4,87.77778
ENDPOS4 (UnityEngine.Transform),1,Controller (right),92.24445
ENDPOS5 (UnityEngine.Transform),1,Controller (right),96.42223
ENDPOS5 (UnityEngine.Transform),1.5,Controller (right),100.1889
ENDPOS1 (UnityEngine.Transform),1.5,Controller (right),104.4
ENDPOS3 (UnityEngine.Transform),1.25,ENDPOS3,107.6444
ENDPOS3 (UnityEngine.Transform),1.5,Controller (right),112.3
ENDPOS4 (UnityEngine.Transform),2,ENDPOS4,116.2556
ENDPOS4 (UnityEngine.Transform),1.75,ENDPOS4,118.3889
ENDPOS3 (UnityEngine.Transform),1.5,Controller (right),120.8
ENDPOS2 (UnityEngine.Transform),1.5,ENDPOS2,124.1444
ENDPOS3 (UnityEngine.Transform),1.75,ENDPOS3,128.4444
ENDPOS5 (UnityEngine.Transform),1.5,Controller (right),132.1556
ENDPOS2 (UnityEngine.Transform),2,ENDPOS2,136.4
ENDPOS4 (UnityEngine.Transform),1,Controller (right),139.8778
ENDPOS2 (UnityEngine.Transform),1.25,Controller (right),143.5111
ENDPOS1 (UnityEngine.Transform),1.25,Controller (right),146.6667
ENDPOS3 (UnityEngine.Transform),1.25,Controller (right),148.9
ENDPOS1 (UnityEngine.Transform),2,Controller (right),152.6
ENDPOS2 (UnityEngine.Transform),1.5,Controller (right),157.2333
ENDPOS3 (UnityEngine.Transform),1.25,Controller (right),161.1667
ENDPOS1 (UnityEngine.Transform),1,Controller (right),164.0444
ENDPOS5 (UnityEngine.Transform),1,Controller (right),167.9444
ENDPOS2 (UnityEngine.Transform),1.5,ENDPOS2,169.9556
ENDPOS1 (UnityEngine.Transform),1.75,ENDPOS1,174.4667
ENDPOS5 (UnityEngine.Transform),1.5,Controller (right),178.2556
ENDPOS1 (UnityEngine.Transform),1.75,Controller (right),182.9333
ENDPOS5 (UnityEngine.Transform),1.75,Controller (right),185.9333
ENDPOS3 (UnityEngine.Transform),1.75,ENDPOS3,188.5
ENDPOS2 (UnityEngine.Transform),1.5,ENDPOS2,192.7778
ENDPOS5 (UnityEngine.Transform),2,Controller (right),197.2333
ENDPOS4 (UnityEngine.Transform),2,Controller (right),202.1667
ENDPOS4 (UnityEngine.Transform),1.5,ENDPOS4,206.6445
ENDPOS1 (UnityEngine.Transform),1.25,Controller (right),211.3778
ENDPOS2 (UnityEngine.Transform),1.75,ENDPOS2,214.7444
ENDPOS3 (UnityEngine.Transform),2,ENDPOS3,216.8889
ENDPOS3 (UnityEngine.Transform),2,Controller (right),219.7889
ENDPOS5 (UnityEngine.Transform),1,Controller (right),223.3889
ENDPOS1 (UnityEngine.Transform),1.5,ENDPOS1,227.5444
ENDPOS5 (UnityEngine.Transform),1.25,Controller (right),231.7778
ENDPOS1 (UnityEngine.Transform),1.5,Controller (right),235.1556
ENDPOS4 (UnityEngine.Transform),1.25,ENDPOS4,238.2778
ENDPOS5 (UnityEngine.Transform),2,Controller (right),240.9444
ENDPOS3 (UnityEngine.Transform),1,Controller (right),246.2
ENDPOS3 (UnityEngine.Transform),1.5,Controller (right),248.5889
ENDPOS4 (UnityEngine.Transform),2,ENDPOS4,253.2889
ENDPOS1 (UnityEngine.Transform),1,Controller (right),257.8778
ENDPOS4 (UnityEngine.Transform),1.25,ENDPOS4,262.1778
ENDPOS2 (UnityEngine.Transform),1,Controller (right),264.8778
ENDPOS2 (UnityEngine.Transform),1.75,ENDPOS2,268.0445
ENDPOS2 (UnityEngine.Transform),1,Controller (right),270.6333
ENDPOS5 (UnityEngine.Transform),1.25,Controller (right),274.5445
ENDPOS3 (UnityEngine.Transform),1,ENDPOS3,277.2556
ENDPOS1 (UnityEngine.Transform),1.75,ENDPOS1,279.1667
ENDPOS2 (UnityEngine.Transform),1.25,Controller (right),283.1778
ENDPOS5 (UnityEngine.Transform),1,Controller (right),285.9
ENDPOS4 (UnityEngine.Transform),1.75,ENDPOS4,288.5556
ENDPOS3 (UnityEngine.Transform),1,Controller (right),293.4556
ENDPOS1 (UnityEngine.Transform),1.5,Controller (right),296.6778
ENDPOS4 (UnityEngine.Transform),1.75,ENDPOS4,301.0667
ENDPOS5 (UnityEngine.Transform),1.25,Controller (right),304.3445
ENDPOS3 (UnityEngine.Transform),1.75,Controller (right),307.2889
ENDPOS5 (UnityEngine.Transform),1.75,Controller (right),311.2444
ENDPOS5 (UnityEngine.Transform),1.25,Controller (right),313.4778
ENDPOS2 (UnityEngine.Transform),1.25,ENDPOS2,317.4333
ENDPOS1 (UnityEngine.Transform),1.25,Controller (right),319.4333
ENDPOS1 (UnityEngine.Transform),2,Controller (right),321.4556
ENDPOS3 (UnityEngine.Transform),2,ENDPOS3,324.9111
ENDPOS3 (UnityEngine.Transform),2,ENDPOS3,328.4222
ENDPOS4 (UnityEngine.Transform),1.25,ENDPOS4,333.5
ENDPOS4 (UnityEngine.Transform),1.25,Controller (right),335.6222
ENDPOS2 (UnityEngine.Transform),1.75,Controller (right),339.5222
ENDPOS2 (UnityEngine.Transform),1,Controller (right),343.9
ENDPOS3 (UnityEngine.Transform),1.75,ENDPOS3,347.1111
ENDPOS1 (UnityEngine.Transform),1.75,ENDPOS1,352.1
ENDPOS1 (UnityEngine.Transform),2,Controller (right),354.4
ENDPOS5 (UnityEngine.Transform),1.75,Controller (right),357.9111
